"bpid","mlbid","Name","Age","Team","WARP","DRA.","DRA","DRA.SD","cFIP","G","GS","GR","IP","W","L","SV","ERA","RA9","FIP","WHIP","K.","BB.","K.BB","Whiff.","sbid","SPR"
61056,544931,"Stephen Strasburg",30,"WAS",8.3,69,3.34,0.28,70,33,33,0,209,18,6,0,3.32,3.4,3.25,1.04,29.8,6.7,4.5,30.7,"SSTRASBURG-R",0.971066421424642
45613,434378,"Justin Verlander",36,"HOU",7.9,67,3.24,0.28,72,34,34,0,223,21,6,0,2.58,2.66,3.27,0.8,35.4,5,7.1,33.7,"JVERLANDER-R",0.907548837340341
65957,543037,"Gerrit Cole",28,"HOU",7.9,59,2.86,0.25,55,33,33,0,212.3,20,5,0,2.5,2.8,2.64,0.89,39.9,5.9,6.8,37.2,"GCOLE-R",0.89504176872299
67740,594798,"Jacob deGrom",31,"NYM",7.8,67,3.27,0.29,67,32,32,0,204,11,8,0,2.43,2.6,2.67,0.97,31.7,5.5,5.8,31.9,"JDEGROM-R",0.959981996572947
104779,656427,"Jack Flaherty",23,"STL",7.1,71,3.46,0.3,79,33,33,0,196.3,11,8,0,2.75,2.84,3.46,0.97,29.9,7.1,4.2,30.9,"JFLAHERTY-R",0.956716444263317
56753,453286,"Max Scherzer",34,"WAS",6.2,66,3.21,0.32,63,27,27,0,172.3,11,7,0,2.92,3.08,2.45,1.03,35.1,4.8,7.4,33.9,"MSCHERZER-R",0.985080075075961
53155,506433,"Yu Darvish",32,"CUB",6,69,3.35,0.3,72,31,31,0,178.7,6,8,0,3.98,4.13,4.18,1.1,31.3,7.7,4.1,30.4,"YDARVISH-R",1.00465773766517
58410,458681,"Lance Lynn",32,"TEX",5.9,80,3.91,0.37,80,33,33,0,208.3,16,11,0,3.67,3.84,3.13,1.22,28.1,6.7,4.2,28.6,"LLYNN-R",0.921639758918591
48258,450203,"Charlie Morton",35,"TAM",5.9,72,3.49,0.33,70,33,33,0,194.7,16,6,0,3.05,3.28,2.81,1.08,30.4,7.2,4.2,29.6,"CMORTON-R",0.9531017031366
59626,571578,"Patrick Corbin",29,"WAS",5.9,79,3.87,0.36,80,33,33,0,202,14,7,0,3.25,3.61,3.49,1.18,28.5,8.4,3.4,31.8,"PCORBIN-L",0.960609624814626
31734,425844,"Zack Greinke",35,"",5.8,88,4.28,0.32,91,33,33,0,208.7,18,5,0,2.93,3.15,3.22,0.98,23.1,3.7,6.2,24.2,"ZGREINKE-R",0.937278230735766
107174,621111,"Walker Buehler",24,"LAD",5.7,73,3.58,0.31,74,30,30,0,182.3,14,4,0,3.26,3.8,3.01,1.04,29.2,5,5.8,26.8,"WBUEHLER-R",1.00947835305854
100945,622491,"Luis Castillo",26,"CIN",5.7,74,3.61,0.32,78,32,32,0,190.7,15,8,0,3.4,3.59,3.7,1.14,28.9,10.1,2.9,36,"LCASTILLO-R",0.966402561921053
100261,608337,"Lucas Giolito",24,"CWS",5.7,74,3.59,0.37,77,29,29,0,176.7,14,9,0,3.41,3.52,3.43,1.06,32.3,8.1,4,32.5,"LGIOLITO-R",0.900598540467453
70306,543243,"Sonny Gray",29,"CIN",5.3,75,3.63,0.33,79,31,31,0,175.3,11,8,0,2.87,3.03,3.42,1.08,29,9.6,3,28.2,"SGRAY-R",0.935910290883544
67132,592789,"Noah Syndergaard",26,"NYM",5.1,82,3.97,0.39,81,32,32,0,197.7,10,8,0,4.28,4.6,3.6,1.23,24.5,6.1,4,27,"NSYNDERGAARD-R",1.04863758683987
70943,605400,"Aaron Nola",26,"PHI",5.1,80,3.9,0.35,85,34,34,0,202.3,12,7,0,3.87,4.05,4.03,1.27,26.9,9.4,2.9,26.7,"ANOLA-R",0.973453512880059
108830,669456,"Shane Bieber",24,"CLE",4.9,78,3.8,0.34,77,34,33,1,214.3,15,8,0,3.28,3.61,3.32,1.05,30.2,4.7,6.5,30.8,"SBIEBER-R",0.973652732846252
106940,647336,"Mike Soroka",21,"ATL",4.8,90,4.37,0.4,92,29,29,0,174.7,13,4,0,2.68,2.89,3.45,1.11,20.3,5.8,3.5,22.7,"MSOROKA-R",0.929497802254994
49786,477132,"Clayton Kershaw",31,"LAD",4.7,87,4.24,0.38,88,29,28,1,178.3,16,5,0,3.03,3.18,3.86,1.04,26.8,5.8,4.6,28.1,"CKERSHAW-L",0.960129669808939
65751,519242,"Chris Sale",30,"BOS",4.5,70,3.42,0.38,67,25,25,0,147.3,6,11,0,4.4,4.89,3.39,1.09,35.6,6,5.9,32,"CSALE-L",0.987255211373061
70610,608331,"Max Fried",25,"ATL",4.2,89,4.33,0.44,82,33,30,3,165.7,17,6,0,4.02,4.35,3.72,1.33,24.6,6.7,3.7,26,"MFRIED-L",1.00100734766393
66213,554430,"Zack Wheeler",29,"NYM",4.2,85,4.16,0.36,86,31,31,0,195.3,11,8,0,3.96,4.28,3.48,1.26,23.6,6,3.9,23,"ZWHEELER-R",0.991743681177965
102254,628317,"Kenta Maeda",31,"LAD",4.1,84,4.08,0.42,93,37,26,11,153.7,10,8,3,4.04,4.1,3.95,1.07,27.1,8.2,3.3,32.5,"KMAEDA-R",1.01878099766973
70473,605397,"Joe Musgrove",26,"PIT",4,89,4.33,0.44,92,32,31,1,170.3,11,12,0,4.44,5.18,3.82,1.22,21.9,5.4,4,24.7,"JMUSGROVE-R",0.987350296662948
70371,573186,"Marcus Stroman",28,"",4,90,4.41,0.34,91,32,32,0,184.3,10,13,0,3.22,3.76,3.72,1.31,20.5,7.5,2.7,24.7,"MSTROMAN-R",0.936180933306815
106610,663978,"Chris Paddack",23,"SDG",4,80,3.88,0.36,89,26,26,0,140.7,9,7,0,3.33,3.71,3.95,0.98,26.9,5.5,4.9,24.8,"CPADDACK-R",0.95171729809871
59266,501985,"Mike Minor",31,"TEX",3.9,98,4.77,0.46,99,32,32,0,208.3,14,10,0,3.59,3.72,4.25,1.24,23.2,7.9,2.9,26.4,"MMINOR-L",0.927119472370926
102011,571510,"Matthew Boyd",28,"DET",3.7,86,4.21,0.53,88,32,32,0,185.3,9,12,0,4.56,4.9,4.32,1.23,30.2,6.3,4.8,31.4,"MBOYD-L",0.984940809667303
69172,543294,"Kyle Hendricks",29,"CUB",3.6,85,4.16,0.4,90,30,30,0,177,11,10,0,3.46,3.97,3.61,1.13,20.5,4.4,4.7,22,"KHENDRICKS-R",0.96207246842866
70798,605540,"Brandon Woodruff",26,"MIL",3.4,76,3.72,0.37,75,22,22,0,121.7,11,3,0,3.62,3.62,3.01,1.14,29,6.1,4.8,25.6,"BWOODRUFF-R",0.931993057582255
70437,605182,"Mike Clevinger",28,"CLE",3.3,72,3.52,0.41,74,21,21,0,126,13,4,0,2.71,2.71,2.49,1.06,33.9,7.4,4.6,35.3,"MCLEVINGER-R",0.959110891172484
70803,543101,"Anthony DeSclafani",29,"CIN",3.3,85,4.13,0.41,91,31,31,0,166.7,9,9,0,3.89,4.16,4.43,1.2,24,7,3.4,23.5,"ADESCLAFANI-R",0.968665063984636
60625,571945,"Miles Mikolas",30,"STL",3.3,93,4.54,0.42,93,32,32,0,184,9,14,0,4.16,4.4,4.27,1.22,18.8,4.2,4.5,21.8,"MMIKOLAS-R",1.00016716927184
67083,592662,"Robbie Ray",27,"ARI",3.2,87,4.25,0.5,91,33,33,0,174.3,12,8,0,4.34,4.7,4.29,1.34,31.5,11.2,2.8,32.9,"RRAY-L",0.994557914608048
57743,518516,"Madison Bumgarner",29,"SFO",2.9,101,4.9,0.43,100,34,34,0,207.7,9,9,0,3.9,4.29,3.9,1.13,24.1,5.1,4.7,24.7,"MBUMGARNER-L",0.985441234409237
68564,592351,"Jon Gray",27,"COL",2.9,86,4.21,0.41,88,26,25,1,150,11,8,0,3.84,4.2,4.06,1.35,23.5,8.8,2.7,26.4,"JGRAY-R",0.918056061902886
67588,593958,"Eduardo Rodriguez",26,"BOS",2.9,98,4.76,0.53,95,34,34,0,203.3,19,6,0,3.81,3.9,3.86,1.33,24.8,8.7,2.8,27.5,"ERODRIGUEZ-L",0.94142201891033
108123,664192,"Joey Lucchesi",26,"SDG",2.9,102,4.95,0.49,103,30,30,0,163.7,10,10,0,4.18,4.29,4.17,1.22,23,8.2,2.8,25.6,"JLUCCHESI-L",0.963241528992261
67243,593423,"Frankie Montas",26,"OAK",2.7,81,3.95,0.46,80,16,16,0,96,9,2,0,2.63,3.28,3,1.11,26.1,5.8,4.5,25.9,"FMONTAS-R",0.968765810145225
50175,502188,"Jeff Samardzija",34,"SFO",2.7,101,4.93,0.47,112,32,32,0,181.3,11,12,0,3.52,3.87,4.59,1.11,18.9,6.6,2.9,20,"JSAMARDZIJA-R",0.975562824002447
58507,543606,"Jake Odorizzi",29,"MIN",2.7,93,4.51,0.46,96,30,30,0,159,15,7,0,3.51,3.68,3.36,1.21,27.1,8.1,3.4,27.9,"JODORIZZI-R",0.912250448810612
68467,572020,"James Paxton",30,"NYY",2.6,88,4.31,0.49,89,29,29,0,150.7,15,6,0,3.82,4.24,3.86,1.28,29.4,8.7,3.4,30.7,"JPAXTON-L",0.963192371317032
104002,645261,"Sandy Alcantara",23,"MIA",2.6,103,5.02,0.45,109,32,32,0,197.3,6,14,0,3.88,4.29,4.55,1.32,18,9.7,1.9,23.8,"SALCANTARA-R",0.955864741595211
70271,605483,"Blake Snell",26,"TAM",2.5,85,4.13,0.6,82,23,23,0,107,6,8,0,4.29,4.46,3.32,1.27,33.3,9.1,3.7,38.4,"BSNELL-L",1.01903086916201
103929,642232,"Ryan Yarbrough",27,"TAM",2.5,101,4.9,0.44,100,28,14,14,141.7,11,6,0,4.13,4.38,3.55,1,20.8,3.6,5.8,22.3,"RYARBROUGH-L",0.986255795296898
69545,605288,"Adrian Houser",26,"MIL",2.5,81,3.93,0.44,83,35,18,17,111.3,6,7,0,3.72,3.96,3.88,1.24,25.3,8,3.2,24.3,"AHOUSER-R",1.00800122408622
56426,521230,"Liam Hendriks",30,"OAK",2.4,70,3.41,0.39,67,75,2,73,85,4,4,25,1.8,1.91,1.87,0.96,37.3,6.3,5.9,36.1,"LHENDRIKS-R",1.01571790723312
108931,641712,"Dakota Hudson",24,"STL",2.4,100,4.89,0.51,105,33,32,1,174.7,16,7,1,3.35,4.12,4.93,1.41,18,11.4,1.6,23.8,"DHUDSON-R",0.974106809892049
99821,571927,"Steven Matz",28,"NYM",2.4,96,4.7,0.47,97,32,30,2,160.3,11,10,0,4.21,4.66,4.6,1.34,22.1,7.5,2.9,23,"SMATZ-L",0.983165099184281
58407,543475,"Jordan Lyles",28,"",2.4,93,4.52,0.45,98,28,28,0,141,12,8,0,4.15,4.6,4.64,1.32,24.4,9.2,2.7,23.4,"JLYLES-R",0.978208374934208
51645,500779,"José Quintana",30,"CUB",2.3,102,4.95,0.52,95,32,31,1,171,13,9,0,4.68,5.26,3.8,1.39,20.4,6.2,3.3,20.9,"JQUINTANA-L",1.01789197704811
58731,527054,"Julio Teheran",28,"ATL",2.2,106,5.16,0.49,113,33,33,0,174.7,10,11,0,3.81,4.17,4.66,1.32,21.5,11,2,22.2,"JTEHERAN-R",1.00078394692448
31361,425794,"Adam Wainwright",37,"STL",2.2,94,4.57,0.4,95,31,31,0,171.7,14,10,0,4.19,4.35,4.36,1.43,20.5,8.6,2.4,19.6,"AWAINWRIGHT-R",0.976621295852259
70826,548389,"Ross Stripling",29,"LAD",2.2,81,3.97,0.42,83,32,15,17,90.7,4,4,0,3.47,3.97,3.47,1.15,25.1,5.4,4.7,24.5,"RSTRIPLING-R",0.992101423247898
69516,605135,"Chris Bassitt",30,"OAK",2,94,4.6,0.47,101,28,25,3,144,10,5,0,3.81,4.13,4.4,1.19,23,7.7,3,21.1,"CBASSITT-R",1.01362389230739
105417,659275,"Dinelson Lamet",26,"SDG",2,74,3.63,0.5,79,14,14,0,73,3,5,0,4.07,4.68,3.91,1.26,33.5,9.6,3.5,31.7,"DLAMET-R",1.00291310310932
102044,592761,"Caleb Smith",27,"MIA",2,109,5.32,0.7,115,28,28,0,153.3,10,11,0,4.52,4.81,5.11,1.23,26,9.3,2.8,27.9,"CSMITH-L",1.01256262843723
70335,545333,"Trevor Bauer",28,"",2,91,4.42,0.45,97,34,34,0,213,11,13,0,4.48,4.99,4.34,1.25,27.8,9,3.1,29.4,"TBAUER-R",1.03009248078722
102336,630023,"Yonny Chirinos",25,"TAM",2,97,4.7,0.48,102,26,18,8,133.3,9,5,0,3.85,4.12,4.44,1.05,21.5,5.3,4.1,22.6,"YCHIRINOS-R",0.984262936572593
70795,607192,"Tyler Glasnow",25,"TAM",2,75,3.66,0.41,72,12,12,0,60.7,6,1,0,1.78,1.93,2.26,0.89,33,6.1,5.4,28.4,"TGLASNOW-R",0.940320208771286
45612,456701,"Homer Bailey",33,"",2,101,4.94,0.46,102,31,31,0,163.3,13,9,0,4.57,4.63,4.11,1.32,21.4,7.6,2.8,24.1,"HBAILEY-R",0.993684117091105
71295,607644,"John Means",26,"BAL",1.9,126,6.13,0.68,124,31,27,4,155,12,11,0,3.6,3.95,4.41,1.14,19,6,3.2,22.2,"JMEANS-L",0.942903592162531
104960,657141,"Jordan Yamamoto",23,"MIA",1.9,85,4.13,0.5,94,15,15,0,78.7,4,5,0,4.46,4.81,4.51,1.14,25.2,11.1,2.3,22.8,"JYAMAMOTO-R",1.00054541314648
60448,572971,"Dallas Keuchel",31,"ATL",1.9,110,5.36,0.55,104,19,19,0,112.7,8,8,0,3.75,3.99,4.72,1.37,18.7,8,2.3,21.2,"DKEUCHEL-L",0.978467737025897
66991,592314,"Mike Foltynewicz",27,"ATL",1.8,98,4.77,0.52,105,21,21,0,117,8,6,0,4.54,5,4.97,1.25,21.4,7.5,2.8,23.5,"MFOLTYNEWICZ-R",1.01316882856546
69377,600917,"José Leclerc",25,"TEX",1.8,78,3.81,0.57,85,70,3,67,68.7,2,4,14,4.33,4.46,3.59,1.33,33.4,13,2.6,33,"JLECLERC-R",0.985311822570208
50101,502042,"Chris Archer",30,"PIT",1.8,88,4.3,0.44,97,23,23,0,119.7,3,9,0,5.19,5.49,5.02,1.41,27.2,10.5,2.6,29.7,"CARCHER-R",0.991666149607009
100612,621381,"Matt Strahm",27,"SDG",1.7,98,4.79,0.58,98,46,16,30,114.7,6,11,0,4.71,4.79,4.41,1.25,24.2,4.5,5.4,23.3,"MSTRAHM-L",1.012003768794
108886,668678,"Zac Gallen",23,"",1.7,85,4.12,0.42,92,15,15,0,80,3,6,0,2.81,2.93,3.61,1.23,28.7,10.8,2.7,29.5,"ZGALLEN-R",0.93195247130335
50704,501381,"Michael Pineda",30,"MIN",1.6,102,4.96,0.57,103,26,26,0,146,11,5,0,4.01,4.19,4.02,1.16,23.3,4.7,5,25.7,"MPINEDA-R",1.00195502798432
59473,547888,"Masahiro Tanaka",30,"NYY",1.6,99,4.82,0.48,98,32,31,1,182,11,9,0,4.45,4.7,4.27,1.24,19.6,5.3,3.7,23.5,"MTANAKA-R",0.986661335085743
103318,643230,"Steven Brault",27,"PIT",1.6,108,5.27,0.6,104,25,19,6,113.3,4,6,0,5.16,5.48,4.76,1.5,19.8,10.5,1.9,23.3,"SBRAULT-L",1.03313378060768
65879,518876,"Merrill Kelly",30,"ARI",1.6,101,4.91,0.47,104,32,32,0,183.3,13,14,0,4.42,4.66,4.51,1.31,20.3,7.3,2.8,22.4,"MKELLY-R",0.973210811299734
70753,605164,"Dylan Bundy",26,"BAL",1.6,97,4.73,0.49,98,30,30,0,161.7,7,14,0,4.79,5.29,4.73,1.35,23.1,8.3,2.8,28.2,"DBUNDY-R",0.972378930045764
108430,615698,"Cal Quantrill",24,"SDG",1.5,101,4.9,0.56,103,23,18,5,103,6,8,0,5.16,5.33,4.28,1.3,20.1,6.3,3.2,22.4,"CQUANTRILL-R",1.05015538613985
70913,596133,"Luke Weaver",25,"ARI",1.5,85,4.16,0.53,88,12,12,0,64.3,4,3,0,2.94,3.08,3.07,1.07,26.5,5.4,4.9,26,"LWEAVER-R",0.952485739632282
36959,448179,"Rich Hill",39,"LAD",1.5,78,3.81,0.64,79,13,13,0,58.7,4,1,0,2.45,3.07,4.1,1.13,29.8,7.4,4,26,"RHILL-L",0.99016957846073
108957,641778,"Eric Lauer",24,"SDG",1.5,100,4.89,0.55,99,30,29,1,149.7,8,10,0,4.45,4.93,4.23,1.4,21.2,7.8,2.7,20.1,"ELAUER-L",0.98159426340439
104483,650895,"Diego Castillo",25,"TAM",1.5,80,3.89,0.49,80,65,6,59,68.7,5,8,8,3.41,4.19,3.72,1.24,27.9,9,3.1,32.5,"DCASTILLO-R",1.01855018069272
68404,519141,"Drew Pomeranz",30,"",1.4,88,4.3,0.55,91,46,18,28,104,2,10,2,4.85,5.02,4.59,1.43,30.1,9.7,3.1,26.9,"DPOMERANZ-L",1.01605142947033
59639,571666,"Mike Fiers",34,"OAK",1.4,116,5.65,0.55,120,33,33,0,184.7,15,4,0,3.9,4,4.97,1.19,16.7,7,2.4,18.3,"MFIERS-R",0.978776612551299
46711,465657,"Joakim Soria",35,"OAK",1.4,88,4.28,0.54,94,71,1,70,69,2,4,1,4.3,4.3,3.62,1.03,28.4,7.2,4,28.9,"JSORIA-R",1.01619534694566
45534,430935,"Cole Hamels",35,"CUB",1.4,99,4.82,0.49,97,27,27,0,141.7,7,7,0,3.81,4.07,4.09,1.39,23.2,9.1,2.6,27.5,"CHAMELS-L",0.992226384884541
102632,641745,"Brad Keller",23,"KAN",1.4,120,5.87,0.68,116,28,28,0,165.3,7,14,0,4.19,4.35,4.35,1.35,17.2,9.9,1.7,19.9,"BKELLER-R",0.975940508368315
59304,502624,"Chase Anderson",31,"MIL",1.4,101,4.91,0.53,109,32,27,5,139,8,4,0,4.21,4.34,4.83,1.27,20.9,8.4,2.5,23.9,"CANDERSON-R",1.04938494884632
54159,455119,"Chris Martin",33,"",1.4,78,3.79,0.43,75,58,0,58,55.7,1,3,4,3.4,3.72,3.25,1.02,30.1,2.3,13,26,"CMARTIN-R",0.998273847028261
102652,641816,"Tyler Mahle",24,"CIN",1.3,88,4.31,0.46,92,25,25,0,129.7,3,12,0,5.14,5.69,4.66,1.31,23.2,6.1,3.8,23.2,"TMAHLE-R",1.04182093591463
66336,570663,"Hansel Robles",28,"LAA",1.3,90,4.37,0.48,91,71,1,70,72.7,5,1,23,2.48,2.48,2.88,1.02,26.5,5.7,4.7,26.9,"HROBLES-R",1.00344437353895
58241,543022,"Tyler Chatwood",29,"CUB",1.3,96,4.69,0.56,98,38,5,33,76.7,5,3,2,3.76,3.87,4.28,1.33,22.8,11.4,2,25.2,"TCHATWOOD-R",0.984287753441541
105129,657624,"Josh James",26,"HOU",1.3,69,3.37,0.48,75,49,1,48,61.3,5,1,1,4.7,4.99,3.98,1.32,37.6,13.2,2.9,36.7,"JJAMES-R",1.01542491256944
68565,643338,"Chad Green",28,"NYY",1.3,73,3.58,0.44,76,54,15,39,69,4,4,2,4.17,4.57,3.34,1.23,33.2,6.4,5.2,29.9,"CGREEN-R",1.02806871771938
107169,622065,"Alex Young",25,"ARI",1.3,101,4.91,0.62,103,17,15,2,83.3,7,5,0,3.56,4.32,4.81,1.19,20.3,7.7,2.6,27.4,"AYOUNG-L",1.02635363676135
54694,456034,"David Price",33,"BOS",1.3,101,4.92,0.67,96,22,22,0,107.3,7,5,0,4.28,4.78,3.62,1.31,27.9,7,4,26,"DPRICE-L",0.979754498154959
66930,592135,"Cam Bedrosian",27,"LAA",1.3,91,4.42,0.54,93,59,7,52,61.3,3,3,1,3.23,4.4,3.83,1.14,24.8,8.5,2.9,30.3,"CBEDROSIAN-R",1.00325339038123
111294,656288,"Griffin Canning",23,"LAA",1.2,100,4.88,0.63,104,18,17,1,90.3,5,6,0,4.58,4.58,4.37,1.22,25,7.8,3.2,32.3,"GCANNING-R",0.975321805031592
67169,593140,"Michael Feliz",26,"PIT",1.2,79,3.87,0.61,86,58,1,57,56.3,4,4,0,3.99,4.31,4.71,1.26,30.5,11.3,2.7,29,"MFELIZ-R",1.01126850197586
68557,592332,"Kevin Gausman",28,"",1.1,91,4.43,0.48,94,31,17,14,102.3,3,9,0,5.72,6.24,3.98,1.42,25.3,7.1,3.6,30.2,"KGAUSMAN-R",1.03332571804295
68320,598287,"Noé Ramirez",29,"LAA",1.1,86,4.18,0.57,91,51,7,44,67.7,5,4,0,3.99,3.99,3.72,1.17,28.2,7.1,4,31,"NRAMIREZ-R",0.99194315869631
100518,621107,"Zach Eflin",25,"PHI",1.1,104,5.05,0.54,106,32,28,4,163.3,10,13,0,4.13,4.85,4.85,1.35,18.3,6.8,2.7,20.3,"ZEFLIN-R",1.03191192068734
100067,571656,"Buck Farmer",28,"DET",1.1,91,4.43,0.59,92,73,1,72,67.7,6,6,0,3.72,4.26,3.88,1.27,25.3,8.3,3,29.8,"BFARMER-R",0.99054129863023
58136,488768,"Andrew Cashner",32,"",1,110,5.37,0.48,109,42,23,19,150,11,8,1,4.68,5.04,4.66,1.35,17,9.1,1.9,22.5,"ACASHNER-R",0.951621064863762
107135,622259,"Trey Wingenter",25,"SDG",1,85,4.13,0.62,91,51,1,50,51,1,3,1,5.65,5.65,3.61,1.22,33,12.8,2.6,36.4,"TWINGENTER-R",1.00353782374937
104863,656794,"Sean Newcomb",26,"ATL",1,97,4.72,0.55,98,55,4,51,68.3,6,3,1,3.16,3.69,4.24,1.32,22.2,9.9,2.2,22.9,"SNEWCOMB-L",0.991613809767032
100392,613534,"Austin Adams",28,"",0.9,67,3.27,0.58,66,30,2,28,32,2,2,0,3.94,3.94,3.12,1.13,40.8,12.3,3.3,40.2,"AADAMS-R",1.00040545328621
59541,552640,"Andrew Kittredge",29,"TAM",0.9,81,3.94,0.53,81,37,7,30,49.7,1,0,0,4.17,4.53,3.56,1.27,27.6,5.7,4.8,31.5,"AKITTREDGE-R",1.03179872081713
103809,605513,"Spencer Turnbull",26,"DET",0.9,99,4.83,0.58,97,30,30,0,148.3,3,17,0,4.61,5.22,3.99,1.44,22.3,9,2.5,24.7,"STURNBULL-R",0.978960940005959
70778,596057,"Daniel Norris",26,"DET",0.9,111,5.4,0.62,105,32,29,3,144.3,3,13,0,4.49,4.68,4.61,1.33,20.5,6.2,3.3,23.1,"DNORRIS-L",0.993807684370962
101105,622694,"Elieser Hernandez",24,"MIA",0.9,92,4.49,0.6,100,21,15,6,82.3,3,5,0,5.03,5.36,5.58,1.24,24.1,7.4,3.3,25.3,"EHERNANDEZ-R",0.987119881552924
45514,461325,"Tyler Clippard",34,"CLE",0.8,98,4.76,0.56,105,53,3,50,62,1,0,0,2.9,2.9,3.89,0.85,26.6,6.2,4.3,28.4,"TCLIPPARD-R",1.02014482564264
45595,450306,"Jason Vargas",36,"",0.8,117,5.72,0.53,116,30,29,1,149.7,7,9,0,4.51,5.05,4.76,1.36,19.1,9.7,2,24.3,"JVARGAS-L",1.00302291232669
69614,606131,"Luis Perdomo",26,"SDG",0.8,99,4.83,0.59,100,47,1,46,72,2,4,0,4,4.25,3.6,1.21,18.6,6.1,3.1,19.8,"LPERDOMO-R",1.0013148690184
104816,656605,"Mitch Keller",23,"PIT",0.8,74,3.59,0.61,73,11,11,0,48,1,5,0,7.13,7.69,3.19,1.83,28.6,7,4.1,26.6,"MKELLER-R",1.01668556864097
68694,592791,"Jameson Taillon",27,"PIT",0.8,95,4.61,0.59,97,7,7,0,37.3,2,3,0,4.1,5.79,3.8,1.13,19,5.1,3.8,24.5,"JTAILLON-R",0.990780263381158
70977,605200,"Zach Davies",26,"MIL",0.8,115,5.62,0.57,119,31,31,0,159.7,10,7,0,3.55,4.11,4.56,1.29,15.2,7.6,2,17.4,"ZDAVIES-R",0.966555274062411
102084,608723,"Austin Voth",27,"WAS",0.8,96,4.68,0.74,101,9,8,1,43.7,2,1,0,3.3,3.3,3.79,1.05,25.3,7.5,3.4,28.8,"AVOTH-R",1.02038718863898
104168,650382,"Darwinzon Hernandez",22,"BOS",0.8,77,3.77,0.87,81,29,1,28,30.3,0,1,0,4.45,5.34,2.75,1.75,38.8,17.7,2.2,35.5,"DHERNANDEZ-L",1.01182357490437
100555,621219,"Alec Mills",27,"CUB",0.7,81,3.93,0.55,84,9,4,5,36,1,0,1,2.75,2.75,4.19,1.17,27.6,7.2,3.8,28.1,"AMILLS-R",0.982191123963538
68691,592773,"Ryne Stanek",27,"",0.7,102,4.99,0.63,106,63,27,36,77,0,4,1,3.97,4.56,4.28,1.3,27.2,11.9,2.3,34.6,"RSTANEK-R",0.961690379858032
68319,598286,"Nick Ramirez",29,"DET",0.7,109,5.31,0.7,107,46,0,46,79.7,5,4,0,4.07,5.08,4.51,1.39,21.3,10.1,2.1,28.2,"NRAMIREZ-R",0.99194315869631
70497,605538,"Matt Wisler",26,"",0.7,89,4.31,0.55,93,44,8,36,51.3,3,4,0,5.61,5.96,4.23,1.4,28.1,7.1,3.9,32.1,"MWISLER-R",0.987719520306932
105007,657277,"Logan Webb",22,"SFO",0.7,94,4.58,0.68,94,8,8,0,39.7,2,3,0,5.22,5.67,4.12,1.46,21.3,8,2.6,22.8,"LWEBB-R",1.00287106656463
51962,453284,"Blake Parker",34,"",0.7,97,4.71,0.59,101,60,2,58,61.3,3,3,10,4.55,4.7,5.07,1.22,25.5,8.6,3,27.4,"BPARKER-R",0.996830551476093
70759,595881,"Tyler Beede",26,"SFO",0.7,97,4.73,0.5,100,24,22,2,117,5,10,0,5.08,5.38,5.03,1.48,21.6,8.8,2.5,26.2,"TBEEDE-R",0.986776270288507
58453,489119,"Wade Miley",32,"HOU",0.6,116,5.67,0.63,111,33,33,0,167.3,14,6,0,3.98,4.46,4.51,1.34,19.4,8.5,2.3,23.2,"WMILEY-L",0.988282924380147
107865,664062,"Tony Gonsolin",25,"LAD",0.6,100,4.87,0.63,105,11,6,5,40,4,2,1,2.93,3.38,3.86,1.03,22.7,9.2,2.5,26.9,"TGONSOLIN-R",0.983499500182646
104839,656685,"Brett Martin",24,"TEX",0.6,92,4.5,0.61,88,51,2,49,62.3,2,3,0,4.76,5.49,3.65,1.44,22.1,6.4,3.4,27.8,"BMARTIN-L",1.00627409889853
106145,664353,"José Urquidy",24,"HOU",0.6,96,4.7,0.64,97,9,7,2,41,2,1,0,3.95,3.95,3.68,1.1,24,4.2,5.7,28.3,"JURQUIDY-R",1.01326745816979
56197,518633,"Danny Duffy",30,"KAN",0.6,120,5.84,0.7,115,23,23,0,130.7,7,6,0,4.34,4.75,4.78,1.31,20.7,8.3,2.5,24.2,"DDUFFY-L",0.968779616183308
57086,502748,"Brad Peacock",31,"HOU",0.6,100,4.86,0.57,104,23,15,8,91.7,7,6,0,4.12,4.22,4.42,1.19,25.1,8.1,3.1,21.7,"BPEACOCK-R",1.04484846804522
102061,601713,"Nick Pivetta",26,"PHI",0.6,96,4.67,0.62,100,30,13,17,93.7,4,6,1,5.38,6.15,5.47,1.52,21.1,9.3,2.3,24.7,"NPIVETTA-R",1.03199475357907
70431,605151,"Archie Bradley",26,"ARI",0.6,92,4.5,0.67,95,66,1,65,71.7,4,5,18,3.52,3.77,3.41,1.44,27.4,11.4,2.4,23.9,"ABRADLEY-R",1.02420225548074
107254,663776,"Patrick Sandoval",22,"LAA",0.6,102,4.98,0.84,99,10,9,1,39.3,0,4,0,5.03,5.03,4.59,1.37,24.9,11.2,2.2,32.8,"PSANDOVAL-L",0.995066689716668
70636,608371,"Lucas Sims",25,"CIN",0.6,86,4.17,0.62,93,24,4,20,43,2,1,0,4.6,4.6,4.45,1.16,32.2,10.7,3,34.1,"LSIMS-R",1.00527380232234
103056,642547,"Freddy Peralta",23,"MIL",0.6,82,3.99,0.52,88,39,8,31,85,7,3,1,5.29,6.14,4.18,1.46,30.1,9.7,3.1,29.5,"FPERALTA-R",1.04750356358945
56278,521655,"Wilmer Font",29,"",0.5,94,4.58,0.44,100,48,17,31,84.3,4,5,0,4.48,4.48,4.72,1.27,26.7,8.1,3.3,27.7,"WFONT-R",0.963236556692398
57996,543339,"Daniel Hudson",32,"",0.5,104,5.08,0.54,109,69,1,68,73,9,3,8,2.47,3.08,3.97,1.14,23.4,8.9,2.6,23,"DHUDSON-R",0.974106809892049
58441,543521,"Collin McHugh",32,"HOU",0.5,95,4.65,0.54,101,35,8,27,74.7,4,5,0,4.7,4.94,4.43,1.23,25.9,9.5,2.7,28.1,"CMCHUGH-R",1.03486873127466
61000,572140,"Tyler Skaggs",27,"LAA",0.5,111,5.42,0.77,108,15,15,0,79.7,7,7,0,4.29,4.63,3.85,1.27,23.3,8.4,2.8,21.6,"TSKAGGS-L",0.952079706523975
99874,571760,"Andrew Heaney",28,"LAA",0.5,98,4.78,0.63,97,18,18,0,95.3,4,6,0,4.91,5,4.63,1.29,28.9,7.3,3.9,31.3,"AHEANEY-L",1.00610655068389
52691,453562,"Jake Arrieta",33,"PHI",0.5,107,5.23,0.58,105,24,24,0,135.7,8,8,0,4.64,5.04,4.89,1.47,18.5,8.6,2.2,18.3,"JARRIETA-R",1.00606607704917
108971,669160,"Dustin May",21,"LAD",0.4,96,4.65,0.62,96,14,4,10,34.7,2,3,0,3.63,4.41,2.9,1.1,22.7,3.5,6.4,20.6,"DMAY-R",0.988931924969319
107636,650644,"Aaron Civale",24,"CLE",0.4,112,5.46,0.75,113,10,10,0,57.7,3,4,0,2.34,2.81,3.4,1.04,20.3,7,2.9,21.4,"ACIVALE-R",0.96236695109553
105703,656302,"Dylan Cease",23,"CWS",0.4,102,4.95,0.68,101,14,14,0,73,4,7,0,5.79,6.29,5.19,1.55,24.8,10.7,2.3,26.1,"DCEASE-R",0.989934130479629
47279,445926,"Jesse Chavez",35,"TEX",0.4,102,4.96,0.59,104,48,9,39,78,3,5,1,4.85,5.54,4.41,1.33,21.4,6.5,3.3,18.4,"JCHAVEZ-R",1.02464526065004
67143,592826,"Vince Velasquez",27,"PHI",0.4,97,4.71,0.56,101,33,23,10,117.3,7,8,0,4.91,5.29,5.21,1.39,25.2,8.3,3,25.9,"VVELASQUEZ-R",1.01965235357388
103484,643493,"Austin Pruitt",29,"TAM",0.3,100,4.87,0.6,99,14,2,12,47,3,0,0,4.4,4.4,4.26,1.26,20.2,6.2,3.3,24.9,"APRUITT-R",0.987088708865439
45548,452657,"Jon Lester",35,"CUB",0.3,109,5.32,0.65,99,31,31,0,171.7,13,10,0,4.46,5.3,4.26,1.5,21.6,6.8,3.2,21.2,"JLESTER-L",0.992999001662892
109041,670950,"Trevor Richards",26,"",0.3,104,5.05,0.49,109,30,23,7,135.3,6,12,0,4.06,4.19,4.51,1.35,21.9,9.7,2.3,26.5,"TRICHARDS-R",1.02184669151017
99842,572703,"Luke Bard",28,"LAA",0.3,110,5.36,0.71,113,32,3,29,49,3,3,0,4.78,4.96,4.81,1.1,20.1,6.5,3.1,28.7,"LBARD-R",0.992755287300131
104803,656547,"Jonathan Holder",26,"NYY",0.3,91,4.41,0.71,95,34,1,33,41.3,5,2,0,6.31,6.97,4.45,1.31,25.4,6.1,4.2,25.7,"JHOLDER-R",0.998620330246846
67154,592879,"Asher Wojciechowski",30,"BAL",0.3,109,5.3,0.73,112,17,16,1,82.3,4,8,0,4.92,5.03,5.3,1.31,22.2,7.8,2.9,26.1,"AWOJCIECHOWSKI-R",1.00181451250016
65801,502043,"Kyle Gibson",31,"MIN",0.3,103,5,0.51,98,34,29,5,160,13,7,0,4.84,5.57,4.26,1.44,22.7,7.9,2.9,29.5,"KGIBSON-R",1.0153366943751
107554,669203,"Corbin Burnes",24,"MIL",0.3,70,3.42,0.57,75,32,4,28,49,1,5,1,8.82,9.55,6.09,1.84,29.8,8.5,3.5,36.7,"CBURNES-R",1.0268289717589
57286,474463,"Brett Anderson",31,"OAK",0.2,120,5.82,0.58,112,31,31,0,176,13,9,0,3.89,4.09,4.57,1.31,12.1,6.6,1.8,17.1,"BANDERSON-L",0.952309326976241
105950,657571,"Caleb Ferguson",22,"LAD",0.2,102,4.97,0.8,105,46,2,44,44.7,1,2,0,4.84,5.24,5.05,1.48,26.5,13.2,2,23.6,"CFERGUSON-L",1.00132533381577
47229,471911,"Carlos Carrasco",32,"CLE",0.2,85,4.16,0.53,85,23,12,11,80,6,7,1,5.29,5.4,4.41,1.35,28.2,4.7,6,31.2,"CCARRASCO-R",1.00430231047409
60047,543901,"Ryan Weber",28,"BOS",0.2,108,5.25,0.76,106,18,3,15,40.7,2,4,0,5.09,5.53,4.2,1.38,16,4.4,3.6,14.6,"RWEBER-R",1.01527580244615
69131,518566,"Taylor Cole",29,"LAA",0.2,100,4.88,0.76,98,38,6,32,51.7,3,4,0,5.92,6.1,3.29,1.59,21.6,10.4,2.1,26.9,"TCOLE-R",0.993930199349415
65855,518452,"Chad Bettis",30,"COL",0.2,104,5.06,0.68,101,39,3,36,63.7,1,6,1,6.08,6.64,5.16,1.55,14.6,7.3,2,20.9,"CBETTIS-R",1.01564569212383
60740,572362,"Robbie Erlin",28,"SDG",0.1,99,4.82,0.7,95,37,1,36,55.3,0,1,0,5.37,5.86,3.61,1.57,20.7,6,3.5,23.7,"RERLIN-L",1.01665263989575
67865,594987,"Casey Sadler",28,"",0.1,105,5.13,0.56,106,33,1,32,46.3,4,0,1,2.14,2.72,4.38,1.17,16,6.7,2.4,22.7,"CSADLER-R",1.0137506726338
58289,543883,"Nick Vincent",32,"",0.1,95,4.64,0.61,101,32,1,31,44.7,1,4,0,4.43,4.63,4.51,1.32,24.2,6.2,3.9,24.3,"NVINCENT-R",1.01042509908552
58075,542947,"Richard Bleier",32,"BAL",0.1,110,5.35,0.65,100,53,1,52,55.3,3,0,4,5.37,5.53,4.19,1.32,12.8,3.4,3.8,17.1,"RBLEIER-L",0.9925718152264
52032,458708,"Josh Tomlin",34,"ATL",0.1,117,5.72,0.7,118,51,1,50,79.3,2,1,2,3.74,3.97,4.49,1.12,15.9,2.2,7.3,19.9,"JTOMLIN-R",0.992089634269552
103038,642528,"Jonathan Loaisiga",24,"NYY",0.1,99,4.85,0.82,101,15,4,11,31.7,2,2,0,4.55,4.55,4.95,1.48,26.6,11.5,2.3,33.2,"JLOAISIGA-R",1.01633226909863
100206,592866,"Trevor Williams",27,"PIT",0.1,114,5.56,0.69,113,26,26,0,145.7,7,9,0,5.38,5.75,5.12,1.41,17.8,6.9,2.6,22.3,"TWILLIAMS-R",0.997962926384805
107097,621097,"Jacob Waguespack",25,"TOR",0,113,5.5,0.65,113,16,13,3,78,5,5,0,4.38,4.96,4.91,1.33,18.8,8.7,2.2,21.8,"JWAGUESPACK-R",0.977138815659928
58921,543699,"Tanner Roark",32,"",0,105,5.12,0.48,105,31,31,0,165.3,10,10,0,4.35,4.57,4.67,1.4,21.9,7.1,3.1,21.6,"TROARK-R",0.983108616128106
109073,656970,"Devin Smeltzer",23,"MIN",0,119,5.79,0.83,112,11,6,5,49,2,2,1,3.86,4.22,4.58,1.27,18.8,5.9,3.2,20.7,"DSMELTZER-L",0.986695234349531
58268,475479,"David Phelps",32,"",0,104,5.05,0.73,106,41,1,40,34.3,2,1,1,3.41,3.67,4.58,1.4,24.5,11.6,2.1,20.2,"DPHELPS-R",0.993037955489688
110305,656713,"Brendan McKay",23,"TAM",0,108,5.26,0.88,103,13,11,2,49,2,4,0,5.14,5.88,4.03,1.41,25.9,7.4,3.5,23.8,"BMCKAY-L",1.0299936730345
68759,594835,"Marco Gonzales",27,"SEA",0,120,5.84,0.58,112,34,34,0,203,16,13,0,3.99,4.7,4.15,1.31,17,6.5,2.6,18,"MGONZALES-L",0.955356098124162
104902,656954,"Justus Sheffield",23,"SEA",0,111,5.4,0.99,100,8,7,1,36,0,1,0,5.5,5.5,4.71,1.72,22,10.7,2.1,30.1,"JSHEFFIELD-L",1.01328959580408
56333,518715,"Cory Gearrin",33,"",0,109,5.3,0.7,107,66,2,64,55.3,1,3,0,4.07,4.07,4.26,1.45,19.5,10.4,1.9,20.2,"CGEARRIN-R",1.00292712470466
70359,571882,"Derek Law",28,"TOR",-0.1,105,5.14,0.86,105,58,4,54,60.7,1,2,5,4.9,5.34,4.85,1.66,23.5,14,1.7,30,"DLAW-R",1.03027752215297
107738,641541,"Jon Duplantier",24,"ARI",-0.1,100,4.89,0.92,103,15,3,12,36.7,1,1,1,4.42,4.42,3.95,1.55,20.9,11,1.9,20.6,"JDUPLANTIER-R",0.999376162844165
107058,664285,"Framber Valdez",25,"HOU",-0.1,106,5.18,0.72,101,26,8,18,70.7,4,7,0,5.86,6.5,4.98,1.67,20.7,13.4,1.5,26.1,"FVALDEZ-L",1.03876389606339
100568,621237,"José Alvarado",24,"TAM",-0.1,112,5.46,1.28,105,35,1,34,30,1,6,7,4.8,5.4,4.18,1.87,26.7,18.5,1.4,31.1,"JALVARADO-L",1.01016892374494
107170,663465,"Kolby Allard",21,"TEX",-0.1,126,6.13,0.94,114,9,9,0,45.3,4,2,0,4.96,5.16,4.01,1.57,15.9,9.1,1.7,19,"KALLARD-L",0.971080452022751
60016,543532,"Tim Melville",29,"COL",-0.2,116,5.65,0.87,115,7,7,0,33.3,2,3,0,4.86,4.86,6.63,1.44,16.8,9.8,1.7,24.9,"TMELVILLE-R",0.982737934343901
57424,446372,"Corey Kluber",33,"CLE",-0.2,102,4.96,0.94,102,7,7,0,35.7,2,3,0,5.8,6.56,4.06,1.65,22.6,8.9,2.5,28.5,"CKLUBER-R",1.01056939218627
105472,641302,"Tyler Alexander",24,"DET",-0.2,124,6.06,0.95,110,13,8,5,53.7,1,4,0,4.86,5.03,4.15,1.4,20,3,6.7,18.3,"TALEXANDER-L",1.00633184634533
103111,642607,"Dario Agrazal",24,"PIT",-0.2,118,5.73,0.75,119,15,14,1,73.3,4,5,0,4.91,5.28,5.9,1.36,12.8,5.6,2.3,16.1,"DAGRAZAL-R",0.969902402060586
102124,621056,"Hunter Wood",25,"",-0.2,120,5.87,0.74,118,36,2,34,45.3,1,1,1,2.98,3.97,4.36,1.28,20,6.2,3.3,27.2,"HWOOD-R",1.01690915666601
100188,572403,"Drew VerHagen",28,"DET",-0.2,104,5.05,0.7,101,22,4,18,58,4,3,0,5.9,6.21,4.87,1.6,19.8,8.9,2.2,22.9,"DVERHAGEN-R",1.01871223427886
104921,657024,"Erik Swanson",25,"SEA",-0.2,107,5.23,0.76,110,27,8,19,58,1,5,2,5.74,6.36,5.96,1.17,21.2,4.9,4.3,22.7,"ESWANSON-R",1.00664899126584
100718,622072,"Alex Wood",28,"CIN",-0.2,114,5.56,0.93,110,7,7,0,35.7,1,3,0,5.8,6.31,6.38,1.4,19.6,5.9,3.3,24.9,"AWOOD-L",1.02509312612233
108872,667498,"Robert Dugger",23,"MIA",-0.2,121,5.88,1.02,120,7,7,0,34.3,0,4,0,5.77,6.82,5.95,1.46,16,10.9,1.5,22.3,"RDUGGER-R",1.01941826736441
58459,543548,"Tommy Milone",32,"SEA",-0.3,113,5.51,0.62,114,23,6,17,111.7,4,10,0,4.76,4.92,5,1.12,20.8,5.1,4.1,22.2,"TMILONE-L",1.00920898693805
68855,595191,"Jerad Eickhoff",28,"PHI",-0.3,105,5.1,0.68,112,12,10,2,58.3,3,4,1,5.71,5.71,6.51,1.3,20.8,7.3,2.8,26.7,"JEICKHOFF-R",0.9797962687394
71017,596001,"Jakob Junis",26,"KAN",-0.3,112,5.46,0.61,108,31,31,0,175.3,9,14,0,5.24,5.54,4.82,1.43,21.3,7.5,2.8,22.6,"JJUNIS-R",0.994465477335931
69837,606930,"Jacob Barnes",29,"",-0.3,104,5.06,0.82,105,33,1,32,32.7,1,5,0,7.44,8.27,6.06,1.78,20,13.8,1.5,23.1,"JBARNES-R",1.01847537666456
67764,594840,"Matt Grace",30,"WAS",-0.3,103,5,0.67,98,51,1,50,46.7,1,2,0,6.36,6.56,5.55,1.52,17,4.9,3.5,19.5,"MGRACE-L",1.01173068800356
47804,456696,"David Hernandez",34,"CIN",-0.3,95,4.63,0.76,98,47,0,47,42.7,2,5,2,8.02,8.23,4.34,1.71,26.8,10.1,2.6,32.1,"DHERNANDEZ-L",1.01182357490437
46084,457918,"J.A. Happ",36,"NYY",-0.4,117,5.71,0.63,114,31,30,1,161.3,12,8,0,4.91,4.91,5.22,1.3,20.6,7.2,2.9,23.8,"JHAPP-L",1.00624626292579
50199,502239,"Trevor Cahill",31,"LAA",-0.4,114,5.54,0.64,112,37,11,26,102.3,4,9,0,5.98,6.24,6.13,1.47,17.8,8.6,2.1,24.3,"TCAHILL-R",1.02839862382061
46155,476451,"Jeremy Hellickson",32,"WAS",-0.5,127,6.2,1.02,123,9,8,1,39,2,3,0,6.23,7.15,6.29,1.72,16.4,10.9,1.5,16.3,"JHELLICKSON-R",1.02045346045705
70964,607200,"Erick Fedde",26,"WAS",-0.5,122,5.92,0.65,119,21,12,9,78,4,2,0,4.5,4.5,5.34,1.46,12.3,9.9,1.2,16.8,"EFEDDE-R",1.03249343693701
57820,543135,"Nathan Eovaldi",29,"BOS",-0.5,107,5.21,0.79,106,23,12,11,67.7,2,1,0,5.99,6.12,5.9,1.58,23.2,11.6,2,26.3,"NEOVALDI-R",1.00283615946046
70485,605452,"Joe Ross",26,"WAS",-0.5,106,5.16,0.8,106,27,9,18,64,4,4,0,5.48,5.77,4.59,1.67,19.3,11.2,1.7,23.6,"JROSS-R",0.940331028025296
69523,605156,"Aaron Brooks",29,"",-0.5,117,5.71,0.58,113,29,18,11,110,6,8,0,5.65,5.89,5.4,1.38,17,7.1,2.4,19.5,"ABROOKS-R",0.992864321145546
100323,608717,"Chris Stratton",28,"",-0.5,104,5.05,0.58,104,35,5,30,76,1,3,0,5.57,5.92,4.92,1.66,20.1,9.6,2.1,24.6,"CSTRATTON-R",1.01270571757999
57745,519144,"Rick Porcello",30,"BOS",-0.5,118,5.77,0.65,115,32,32,0,174.3,14,12,0,5.52,5.89,4.76,1.39,18.6,5.9,3.2,18,"RPORCELLO-R",1.03543473288845
56468,502706,"Derek Holland",32,"",-0.6,115,5.62,0.7,115,51,8,43,84.3,2,5,0,6.08,6.51,6.1,1.51,21.8,12,1.8,26.7,"DHOLLAND-L",1.00573120907876
108934,608344,"Cole Irvin",25,"PHI",-0.6,133,6.46,0.96,124,16,3,13,41.7,2,1,1,5.83,6.05,5.06,1.39,17.1,7.2,2.4,20.7,"CIRVIN-L",0.996159991724065
107018,663423,"Trent Thornton",25,"TOR",-0.6,117,5.72,0.68,115,32,29,3,154.3,6,9,0,4.84,5.07,4.59,1.41,22,9,2.4,24.5,"TTHORNTON-R",0.99873944956258
71098,607536,"Kyle Freeland",26,"COL",-0.6,126,6.14,0.78,117,22,22,0,104.3,3,11,0,6.73,7.33,5.99,1.58,16.7,8.2,2,21.4,"KFREELAND-L",1.06115163673546
100909,622446,"Jefry Rodriguez",25,"CLE",-0.6,119,5.81,0.87,115,10,8,2,46.7,1,5,0,4.63,5.01,4.54,1.48,16.3,10.3,1.6,18.7,"JRODRIGUEZ-R",1.02513634191266
110582,668676,"Zach Plesac",24,"CLE",-0.6,116,5.66,0.68,119,21,21,0,115.7,8,6,0,3.81,4.05,4.94,1.23,18.5,8.4,2.2,21.7,"ZPLESAC-R",1.01410971238469
103743,656887,"Sean Reid-Foley",23,"TOR",-0.6,127,6.21,1.24,119,9,6,3,31.7,2,4,0,4.26,5.68,5.68,1.71,18.7,14,1.3,23.9,"SREID-FOLEY-R",1.01368878448768
48674,453385,"Clayton Richard",35,"TOR",-0.7,143,6.95,1.08,121,10,10,0,45.3,1,5,0,5.96,6.55,6.28,1.57,10.9,9,1.2,14.7,"CRICHARD-L",1.00368425315012
58617,475115,"Tyson Ross",32,"DET",-0.7,124,6.06,0.99,119,7,7,0,35.3,1,5,0,6.11,7.13,5.99,1.67,15.4,11.1,1.4,16.9,"TROSS-R",1.01695490917506
70641,608379,"Michael Wacha",27,"STL",-0.7,108,5.24,0.52,108,29,24,5,126.7,6,7,0,4.76,5.04,5.61,1.56,18.5,9.8,1.9,21.3,"MWACHA-R",1.0266046194648
105736,664199,"Taylor Clarke",26,"ARI",-0.7,112,5.45,0.68,115,23,15,8,84.7,5,5,1,5.31,5.85,6.41,1.37,18.4,8.1,2.3,23.1,"TCLARKE-R",1.04524715767
1117,282332,"CC Sabathia",38,"NYY",-0.7,117,5.68,0.68,112,23,22,1,107.3,5,8,0,4.95,5.37,5.66,1.41,22.9,8.3,2.7,25.2,"CSABATHIA-L",1.03013215055524
110247,676606,"Nick Margevicius",23,"SDG",-0.8,114,5.57,0.8,110,17,12,5,57,2,6,0,6.79,7.26,5.64,1.61,16,7.2,2.2,22.9,"NMARGEVICIUS-L",1.02877860208823
102187,623381,"Thomas Pannone",25,"TOR",-0.8,133,6.48,0.91,123,37,7,30,73,3,6,0,6.16,6.29,5.16,1.42,21.2,9.5,2.2,25.3,"TPANNONE-L",1.02955078388583
102555,641482,"Nestor Cortes",24,"NYY",-0.8,113,5.5,0.88,110,33,1,32,66.7,5,1,0,5.67,5.94,5.57,1.55,23.2,9.4,2.5,25.9,"NCORTES-L",1.02421981455214
56742,502327,"Héctor Santiago",31,"",-0.8,115,5.62,1.08,112,19,2,17,33.7,1,1,0,6.68,6.95,5.89,1.9,24.5,13.5,1.8,28.1,"HSANTIAGO-L",1.02095038248376
109159,641312,"Shaun Anderson",24,"SFO",-0.8,117,5.71,0.64,115,28,16,12,96,3,5,2,5.44,5.72,4.77,1.55,16.4,8.9,1.8,20.8,"SANDERSON-R",1.00487814777748
105425,656546,"Jeff Hoffman",26,"COL",-0.9,109,5.32,0.8,113,15,15,0,70,2,6,0,6.56,6.56,6.8,1.59,21.6,10.8,2,21.7,"JHOFFMAN-R",1.02000129059804
100137,643327,"Zack Godley",29,"",-0.9,113,5.52,0.61,114,33,9,24,92,4,5,2,5.97,6.07,5.2,1.5,17.2,10.3,1.7,24.4,"ZGODLEY-R",1.06670342171144
67031,592468,"Nick Kingham",27,"",-1,109,5.32,0.72,109,25,4,21,55.7,4,2,1,7.28,7.28,5.48,1.85,17.8,9.7,1.8,20,"NKINGHAM-R",1.03717539988485
68307,598271,"Brian Johnson",28,"BOS",-1.1,148,7.23,1.42,124,21,7,14,40.3,1,3,0,6.02,6.47,5.32,1.88,16.1,11.9,1.3,22.7,"BJOHNSON-L",0.991160612792521
105384,596043,"Daniel Mengden",26,"OAK",-1.1,132,6.41,0.92,126,13,9,4,59.7,5,2,1,4.83,4.83,4.69,1.44,16.2,10.4,1.6,15.1,"DMENGDEN-R",0.981606558705583
57163,519455,"Jordan Zimmermann",33,"DET",-1.2,121,5.88,0.75,111,23,23,0,112,1,13,0,6.91,7.15,4.79,1.52,16.3,5,3.3,20.4,"JZIMMERMANN-R",1.02287871476494
68391,518774,"Matt Harvey",30,"LAA",-1.2,131,6.39,0.91,126,12,12,0,59.7,3,5,0,7.09,7.24,6.35,1.54,14.7,10.9,1.3,22.1,"MHARVEY-R",1.01099633821127
102793,642231,"Jimmy Yacabonis",27,"BAL",-1.2,131,6.41,1.12,123,29,4,25,41,1,2,0,6.8,7.02,6.36,1.83,17.1,12.4,1.4,22.8,"JYACABONIS-R",1.02220278495606
107173,664045,"Thomas Eshelman",25,"BAL",-1.2,137,6.69,1.14,127,10,4,6,36,1,2,0,6.5,7.75,7.33,1.61,13.4,6.7,2,15.4,"TESHELMAN-R",1.02293578098377
102921,642397,"Gregory Soto",24,"DET",-1.3,125,6.09,1.01,112,33,7,26,57.7,0,5,0,5.77,6.09,5.4,1.86,16.3,12,1.4,19.9,"GSOTO-L",1.0101135094131
67451,593679,"Gabriel Ynoa",26,"BAL",-1.4,118,5.77,0.66,115,36,13,23,110.7,1,10,0,5.61,6.26,6.2,1.37,14,5.4,2.6,20.1,"GYNOA-R",1.05801203065864
67107,592717,"Aaron Sanchez",26,"",-1.4,122,5.93,0.67,114,27,27,0,131.3,5,14,0,5.89,6.3,5.25,1.62,19,11.2,1.7,21.9,"ASANCHEZ-R",1.01351997432934
68529,592229,"Dylan Covey",27,"CWS",-1.4,130,6.34,1.1,119,18,12,6,58.7,1,8,0,7.98,8.28,6.06,1.76,14.6,10,1.5,18,"DCOVEY-R",1.04195620576197
47160,453329,"Clay Buchholz",34,"TOR",-1.4,125,6.1,0.91,116,12,12,0,59,2,5,0,6.56,6.71,5.62,1.49,15.4,6.3,2.4,20.5,"CBUCHHOLZ-R",1.01399007818538
70297,543001,"Ryan Carpenter",28,"DET",-1.4,163,7.92,1.44,131,9,9,0,40.7,1,6,0,9.3,10.18,6.93,1.82,12.7,6.6,1.9,16.2,"RCARPENTER-L",1.06928275043199
70921,596071,"Dillon Peters",26,"LAA",-1.6,134,6.54,0.98,121,17,12,5,72,4,4,0,5.38,6.25,6.23,1.54,16.8,8,2.1,20.4,"DPETERS-L",0.986569264219959
106280,663567,"Peter Lambert",22,"COL",-1.6,121,5.9,0.69,114,19,19,0,89.3,3,7,0,7.25,7.46,5.97,1.74,13.6,8.6,1.6,16.8,"PLAMBERT-R",1.07759356177921
60626,571946,"Shelby Miller",28,"TEX",-1.6,138,6.73,1.16,124,19,8,11,44,1,3,0,8.59,9.41,6.4,1.98,13.6,13.2,1,18.7,"SMILLER-R",1.04103326454589
105394,656222,"Jalen Beeks",25,"TAM",-1.7,118,5.76,0.74,109,33,3,30,104.3,6,3,1,4.31,4.83,4.41,1.49,19.2,8.6,2.2,24.2,"JBEEKS-L",1.00839943390977
57701,446321,"Ross Detwiler",33,"CWS",-1.8,133,6.48,1.03,117,18,12,6,69.7,3,5,0,6.59,6.98,6.92,1.62,14.6,8.6,1.7,16.2,"RDETWILER-L",1.02839513560669
68688,592767,"Drew Smyly",30,"",-1.8,114,5.55,0.67,111,25,21,4,114,4,7,1,6.24,6.55,6.26,1.59,23.3,10.7,2.2,26,"DSMYLY-L",0.979709667732882
101060,622608,"Antonio Senzatela",24,"COL",-1.9,121,5.88,0.63,112,25,25,0,124.7,11,11,0,6.71,7.15,5.44,1.75,13.1,9.8,1.3,17.9,"ASENZATELA-R",1.02586762712898
103054,642545,"Jaime Barria",22,"LAA",-1.9,117,5.68,0.74,116,19,13,6,82.7,4,10,0,6.42,6.64,6.23,1.44,20.5,7.4,2.8,22.2,"JBARRIA-R",1.01705909072727
58857,543557,"Mike Montgomery",29,"",-2,120,5.84,0.65,110,33,13,20,91,3,9,0,4.95,5.44,5.52,1.62,17.2,8.5,2,21.8,"MMONTGOMERY-L",1.03228437419267
103066,642558,"Ariel Jurado",23,"TEX",-2,120,5.87,0.67,112,32,18,14,122.3,7,11,0,5.81,6.92,5.1,1.5,15,6.7,2.3,18.1,"AJURADO-R",1.06671203510952
61051,502190,"Mike Leake",31,"",-2.3,112,5.43,0.47,109,32,32,0,197,12,11,0,4.29,5.21,5.19,1.29,15.2,3.2,4.7,18.1,"MLEAKE-R",1.01847085701037
68656,592644,"Adam Plutko",27,"CLE",-2.4,137,6.68,0.79,129,21,20,1,109.3,7,5,0,4.86,5.02,5.23,1.29,16.9,5.6,3,18.8,"APLUTKO-R",0.978230440863535
103801,605276,"David Hess",25,"BAL",-2.4,131,6.39,0.91,126,23,14,9,80,1,10,0,7.09,8.21,7.26,1.55,18.6,8.2,2.3,19.5,"DHESS-R",1.06239797007017
70885,592716,"Adrian Sampson",27,"TEX",-2.5,116,5.67,0.68,110,35,15,20,125.3,6,8,0,5.89,6.18,5.69,1.53,17.9,6.4,2.8,21.5,"ASAMPSON-R",1.0292440675293
106975,660761,"José Suarez",21,"LAA",-2.9,140,6.82,1.06,122,19,15,4,81,2,6,0,7.11,7.44,6.72,1.64,19.2,8.8,2.2,25.3,"JSUAREZ-L",1.07452420773953
37412,429719,"Edwin Jackson",35,"",-2.9,132,6.41,0.9,119,18,13,5,67.7,3,10,0,9.58,10.77,7.65,2.02,15.5,9.5,1.6,23.8,"EJACKSON-R",1.07921482240301
51959,453281,"Wade LeBlanc",34,"SEA",-3.4,135,6.56,0.79,120,26,8,18,121.3,6,7,0,5.71,5.93,5.49,1.45,17.3,5.8,3,22.2,"WLEBLANC-L",1.07349326271635
49832,467100,"Iván Nova",32,"CWS",-3.6,134,6.54,0.65,117,34,34,0,187,11,12,0,4.72,5.15,4.98,1.45,14.1,5.8,2.4,18.5,"INOVA-R",0.992448441105668
125512,579328,"Yusei Kikuchi",28,"SEA",-3.6,129,6.29,0.75,115,32,32,0,161.7,6,11,0,5.46,6.07,5.71,1.52,16.1,6.9,2.3,20,"YKIKUCHI-L",1.02247856730608
102750,642098,"Glenn Sparkman",27,"KAN",-4.2,149,7.25,0.78,133,31,23,8,136,4,11,0,6.02,6.35,5.93,1.51,13.4,6.8,2,17.1,"GSPARKMAN-R",1.02704656802088
60921,573185,"Dan Straily",30,"BAL",NA,178,8.66,1.57,144,14,8,6,47.7,2,4,0,9.82,10.01,9.34,1.99,14,9.3,1.5,18.4,"DSTRAILY-R",1.03404575267373
