bpid,mlbid,Name,Age,Team,WARP,DRA-,DRA,DRA SD,cFIP,G,GS,GR,IP,W,L,SV,ERA,RA9,FIP,WHIP,K%,BB%,K/BB,Whiff%
49786,477132,Clayton Kershaw,25,LAD,7.5,68,2.86,0.29,71,33,33,0,236,16,9,0,1.83,2.1,2.39,0.92,25.6,5.7,4.5,25.8
31361,425794,Adam Wainwright,31,STL,6.8,82,3.42,0.36,78,34,34,0,241.7,19,9,0,2.94,3.09,2.55,1.07,22.9,3.7,6.3,21.4
56753,453286,Max Scherzer,28,DET,6.4,73,3.04,0.36,82,32,32,0,214.3,21,3,0,2.9,3.07,2.74,0.97,28.7,6.7,4.3,27.9
53155,506433,Yu Darvish,26,TEX,6.1,70,2.93,0.36,77,32,32,0,209.7,13,9,0,2.83,2.92,3.28,1.07,32.9,9.5,3.5,31.5
68391,518774,Matt Harvey,24,NYM,6,62,2.59,0.29,60,26,26,0,178.3,9,5,0,2.27,2.32,2.01,0.93,27.7,4.5,6.2,27.7
1102,424324,Cliff Lee,34,PHI,5.8,74,3.09,0.35,73,31,31,0,222.7,14,8,0,2.87,3.11,2.82,1.01,25.3,3.7,6.9,20.7
45536,433587,Félix Hernández,27,SEA,5.6,74,3.1,0.36,66,31,31,0,204.3,12,10,0,3.04,3.26,2.61,1.13,26.2,5.6,4.7,25.1
65751,519242,Chris Sale,24,CWS,5.5,80,3.34,0.43,77,30,30,0,214.3,11,14,0,3.07,3.4,3.17,1.07,26.1,5.3,4.9,26.2
57743,518516,Madison Bumgarner,23,SF,5.4,76,3.18,0.35,84,31,31,0,201.3,13,9,0,2.77,3.04,3.05,1.03,24.8,7.7,3.2,25.8
70444,605228,José Fernández,20,MIA,5.4,69,2.87,0.33,79,28,28,0,172.7,12,6,0,2.19,2.45,2.73,0.98,27.5,8.5,3.2,23.6
61056,544931,Stephen Strasburg,24,WSH,5.2,77,3.2,0.36,81,30,30,0,183,8,9,0,3,3.49,3.21,1.05,26.1,7.7,3.4,25
45578,434671,Aníbal Sánchez,29,DET,5.1,72,3.03,0.4,70,29,29,0,182,14,8,0,2.57,2.77,2.39,1.15,27.1,7.2,3.7,29
45612,456701,Homer Bailey,27,CIN,4.9,83,3.46,0.43,86,32,32,0,209,11,12,0,3.49,3.66,3.31,1.12,23.4,6.4,3.7,24.6
56580,502009,Mat Latos,25,CIN,4.8,84,3.49,0.43,86,32,32,0,210.7,14,7,0,3.16,3.5,3.11,1.21,21.2,6.6,3.2,23.6
45534,430935,Cole Hamels,29,PHI,4.7,83,3.48,0.41,84,33,33,0,220,8,14,0,3.6,3.85,3.26,1.16,22.3,5.5,4,25.5
493,150359,A.J. Burnett,36,PIT,4.6,82,3.42,0.43,77,30,30,0,191,10,11,0,3.3,3.72,2.8,1.21,26.1,8.4,3.1,25.6
60787,547943,Hyun Jin Ryu,26,LAD,4.5,86,3.59,0.4,84,30,30,0,192,14,8,0,3,3.14,3.24,1.2,19.7,6.3,3.1,19.9
57163,519455,Jordan Zimmermann,27,WSH,4.4,90,3.78,0.37,95,32,32,0,213.3,19,9,0,3.25,3.42,3.36,1.09,18.6,4.6,4,19.2
59266,501985,Mike Minor,25,ATL,4.4,88,3.66,0.45,98,32,32,0,204.7,13,9,0,3.21,3.47,3.37,1.09,22.1,5.6,3.9,22.8
54694,456034,David Price,27,TB,4.4,96,4.01,0.45,93,27,27,0,186.7,10,8,0,3.33,3.76,3.03,1.1,20.4,3.6,5.6,18.2
45613,434378,Justin Verlander,30,DET,4.3,95,3.98,0.51,97,34,34,0,218.3,13,12,0,3.46,3.87,3.28,1.31,23.5,8.1,2.9,24.2
59626,571578,Patrick Corbin,23,ARI,4.2,84,3.52,0.34,89,32,32,0,208.3,14,8,0,3.41,3.5,3.43,1.17,20.7,6.3,3.3,23.5
42750,448306,James Shields,31,KC,4.1,98,4.1,0.45,100,34,34,0,228.7,13,9,0,3.15,3.23,3.47,1.24,20.7,7.2,2.9,23.1
52344,450665,Kris Medlen,27,ATL,4,96,3.99,0.46,98,32,31,1,197,15,12,0,3.11,3.52,3.48,1.22,19.1,5.7,3.3,24.2
45529,461829,Gio González,27,WSH,3.9,92,3.84,0.48,96,32,32,0,195.7,11,8,0,3.36,3.63,3.41,1.25,23.4,9.3,2.5,23
395,112526,Bartolo Colon,40,OAK,3.9,107,4.46,0.54,105,30,30,0,190.3,18,6,0,2.65,2.84,3.23,1.17,15.2,3.8,4,14.6
31734,425844,Zack Greinke,29,LAD,3.7,85,3.54,0.42,90,28,28,0,177.7,15,4,0,2.63,2.74,3.23,1.11,20.6,6.4,3.2,24.4
886,407793,John Lackey,34,BOS,3.6,91,3.8,0.46,93,29,29,0,189.3,10,13,0,3.52,3.8,3.86,1.16,20.7,5.1,4,21.9
51967,453311,Tim Lincecum,29,SF,3.4,87,3.65,0.44,91,32,32,0,197.7,10,14,0,4.37,4.64,3.74,1.32,22.9,9,2.5,27.2
31607,429722,Ervin Santana,30,KC,3.4,97,4.03,0.48,102,32,32,0,211,9,10,0,3.28,3.63,3.93,1.14,18.7,5.9,3.2,22.8
31476,430912,Matt Cain,28,SF,3.3,94,3.93,0.46,107,30,30,0,184.3,8,10,0,4,4.15,3.93,1.16,20.8,7.2,2.9,20.5
58410,458681,Lance Lynn,26,STL,3.3,89,3.72,0.45,92,33,33,0,201.7,15,10,0,3.97,4.11,3.28,1.31,23.1,8.9,2.6,23.7
58731,527054,Julio Teheran,22,ATL,3.1,89,3.72,0.44,98,30,30,0,185.7,14,8,0,3.2,3.34,3.69,1.17,22,5.8,3.8,24
38551,434538,Francisco Liriano,29,PIT,3.1,85,3.53,0.42,84,26,26,0,161,16,8,0,3.02,3.02,2.92,1.22,24.5,9.5,2.6,30.8
52353,450729,Doug Fister,29,DET,3.1,103,4.3,0.52,91,33,32,1,208.7,14,9,0,3.67,3.92,3.26,1.31,18,5,3.6,19.9
45548,452657,Jon Lester,29,BOS,3.1,100,4.16,0.5,94,33,33,0,213.3,15,8,0,3.75,3.97,3.59,1.29,19.6,7.4,2.6,19.6
43330,445590,Eric Stults,33,SD,3,111,4.62,0.54,106,33,33,0,203.7,11,13,0,3.93,4.29,3.53,1.27,15.3,4.7,3.3,16.8
58136,488768,Andrew Cashner,26,SD,3,92,3.84,0.41,96,31,26,5,175,10,9,0,3.09,3.5,3.35,1.13,18.1,6.6,2.7,20.1
60626,571946,Shelby Miller,22,STL,3,89,3.71,0.44,99,31,31,0,173.3,15,9,0,3.06,3.38,3.67,1.21,23.4,7.9,3,22.3
50175,502188,Jeff Samardzija,28,CHC,2.9,84,3.5,0.42,85,33,33,0,213.7,8,13,0,4.34,4.59,3.77,1.35,23.4,8.5,2.7,25.2
45622,444857,Scott Feldman,30,BAL,2.9,104,4.33,0.41,103,30,30,0,181.7,12,12,0,3.86,4.31,4.03,1.18,17.4,7.4,2.4,18.1
65957,543037,Gerrit Cole,22,PIT,2.9,85,3.56,0.46,84,19,19,0,117.3,10,7,0,3.22,3.3,2.91,1.17,21.3,6,3.6,21.6
1490,346798,Kyle Lohse,34,MIL,2.9,106,4.42,0.47,111,32,32,0,198.7,11,10,0,3.35,3.53,4.08,1.17,15.5,4.5,3.5,17.7
49168,475243,Travis Wood,26,CHC,2.9,91,3.81,0.48,107,32,32,0,200,9,12,0,3.11,3.29,3.89,1.15,17.5,8,2.2,18.6
31384,429717,Dan Haren,32,WSH,2.8,95,3.98,0.56,100,31,30,1,169.7,10,14,1,4.67,4.88,4.09,1.24,21.1,4.3,4.9,20.9
47658,462136,Marco Estrada,29,MIL,2.8,90,3.74,0.46,101,21,21,0,128,7,4,0,3.87,3.94,3.86,1.08,23,5.7,4.1,25.2
47160,453329,Clay Buchholz,28,BOS,2.7,89,3.73,0.54,95,16,16,0,108.3,12,1,0,1.74,1.91,2.78,1.02,23.1,8.7,2.7,23.4
56468,502706,Derek Holland,26,TEX,2.7,99,4.13,0.46,93,33,33,0,213,10,9,0,3.42,3.8,3.44,1.29,21.1,7.2,3,22.5
5034,285079,R.A. Dickey,38,TOR,2.6,106,4.42,0.53,111,34,34,0,224.7,14,13,0,4.21,4.53,4.58,1.24,18.8,7.5,2.5,22
31506,431148,Scott Kazmir,29,CLE,2.6,97,4.05,0.6,92,29,29,0,158,10,9,0,4.04,4.33,3.51,1.32,24.1,7,3.4,23
31711,450351,C.J. Wilson,32,LAA,2.6,111,4.64,0.56,106,33,33,0,212.3,17,7,0,3.39,3.94,3.51,1.34,20.6,9.3,2.2,22.3
61051,502190,Mike Leake,25,CIN,2.6,102,4.25,0.48,103,31,31,0,192.3,14,7,0,3.37,3.65,4.04,1.25,15.2,6,2.5,16.7
65757,456167,A.J. Griffin,25,OAK,2.6,104,4.34,0.56,118,32,32,0,200,14,10,0,3.83,4.1,4.55,1.13,20.8,6.6,3.2,20.7
47591,451596,Yovani Gallardo,27,MIL,2.5,106,4.44,0.49,105,31,31,0,180.7,12,10,0,4.18,4.58,3.89,1.36,18.6,8.5,2.2,18.4
37512,434622,Ubaldo Jiménez,29,CLE,2.5,87,3.64,0.5,91,32,32,0,182.7,13,9,0,3.3,3.7,3.43,1.33,25,10.3,2.4,22.7
44014,493157,Koji Uehara,38,BOS,2.4,54,2.27,0.35,51,73,0,73,74.3,4,1,21,1.09,1.21,1.61,0.57,38.1,3.4,11.2,36.5
51645,500779,José Quintana,24,CWS,2.4,99,4.14,0.51,99,33,33,0,200,9,7,0,3.51,3.74,3.82,1.22,19.7,6.7,2.9,21
47965,445276,Kenley Jansen,25,LAD,2.3,50,2.1,0.33,47,75,0,75,76.7,4,3,28,1.88,1.88,1.99,0.86,38,6.2,6.2,32.3
56334,518716,Dillon Gee,27,NYM,2.3,98,4.08,0.5,101,32,32,0,199,12,11,0,3.62,3.8,4,1.28,16.9,5.6,3,21
49349,490063,Matt Garza,29,TEX,2.3,96,3.99,0.47,98,24,24,0,155.3,10,6,0,3.82,4.23,3.88,1.24,20.9,6.4,3.2,22.7
57745,519144,Rick Porcello,24,DET,2.3,102,4.25,0.54,92,32,29,3,177,13,8,0,4.32,4.42,3.53,1.28,19.3,5.7,3.4,20.9
57424,446372,Corey Kluber,27,CLE,2.2,89,3.71,0.52,84,26,24,2,147.3,11,5,0,3.85,4.09,3.3,1.26,22.4,5.4,4.1,25
58617,475115,Tyson Ross,26,SD,2.2,79,3.29,0.43,80,35,16,19,125,3,8,0,3.17,3.67,3.2,1.15,23.6,8.7,2.7,25.6
57708,518813,Greg Holland,27,KC,2.2,51,2.13,0.38,45,68,0,68,67,2,1,47,1.21,1.48,1.36,0.87,40.4,7.1,5.7,38.9
938,218596,Tim Hudson,37,ATL,2.2,100,4.17,0.5,100,21,21,0,131.3,8,7,0,3.97,4.11,3.46,1.19,17.8,6.7,2.6,21
58350,518886,Craig Kimbrel,25,ATL,2.2,58,2.4,0.41,55,68,0,68,67,4,3,50,1.21,1.34,1.93,0.88,38,7.8,4.9,32.6
60664,572096,Trevor Rosenthal,23,STL,2.1,57,2.39,0.42,55,74,0,74,75.3,2,4,3,2.63,2.99,1.91,1.1,34.7,6.4,5.4,31.2
52231,453343,Mark Melancon,28,PIT,2.1,77,3.23,0.48,67,72,0,72,71,3,2,16,1.39,1.9,1.64,0.96,25.1,2.9,8.8,24.3
40375,445060,Ricky Nolasco,30,LAD,2.1,90,3.77,0.38,94,34,33,1,199.3,13,11,0,3.7,4.06,3.34,1.21,19.8,5.5,3.6,24.8
46468,477003,Jonathon Niese,26,NYM,2.1,104,4.35,0.55,95,24,24,0,143,8,8,0,3.71,4.28,3.58,1.44,16.9,7.7,2.2,17.6
50167,502171,Alex Cobb,25,TB,2.1,87,3.65,0.47,85,22,22,0,143.3,11,3,0,2.76,2.89,3.36,1.15,23.2,7.8,3,22.2
56519,518858,Nate Jones,27,CWS,2,74,3.08,0.48,71,70,0,70,78,4,5,0,4.15,4.62,2.64,1.22,28.3,8.3,3.4,31.6
48961,453646,Carlos Villanueva,29,CHC,1.9,90,3.78,0.52,99,47,15,32,128.7,7,8,0,4.06,4.06,3.86,1.22,19.7,7.6,2.6,24.7
53014,547973,Aroldis Chapman,25,CIN,1.9,48,1.99,0.43,43,68,0,68,63.7,4,5,38,2.54,2.54,2.47,1.04,43.4,11.2,3.9,38.5
70306,543243,Sonny Gray,23,OAK,1.9,91,3.81,0.6,88,12,10,2,64,5,3,0,2.67,3.09,2.7,1.11,25.7,7.7,3.4,25.6
60921,573185,Dan Straily,24,OAK,1.9,106,4.43,0.6,112,27,27,0,152.3,10,8,0,3.96,4.37,4.05,1.24,19.4,8.9,2.2,25.1
68494,592102,Cody Allen,24,CLE,1.9,76,3.17,0.62,85,77,0,77,70.3,6,1,2,2.43,2.82,2.99,1.25,29.2,8.6,3.4,29.1
57235,502085,David Robertson,28,NYY,1.9,72,3.02,0.49,73,70,0,70,66.3,5,1,3,2.04,2.04,2.61,1.04,29.4,6.9,4.3,25.1
68688,592767,Drew Smyly,24,DET,1.9,76,3.19,0.48,78,63,0,63,76,6,0,2,2.37,2.37,2.31,1.04,26.7,5.6,4.8,24.4
46155,476451,Jeremy Hellickson,26,TB,1.9,114,4.77,0.67,111,32,31,1,174,12,10,0,5.17,5.33,4.22,1.35,18.3,6.8,2.7,23.1
58459,543548,Tommy Milone,26,OAK,1.9,114,4.77,0.69,113,28,26,2,156.3,12,9,0,4.14,4.78,4.3,1.27,18.9,5.8,3.2,21.2
219,124604,Jamey Wright,38,TB,1.8,91,3.79,0.62,90,66,1,65,70,2,2,0,3.09,3.21,3.13,1.2,22.6,8,2.8,23.6
52047,460024,Luke Hochevar,29,KC,1.7,73,3.04,0.51,81,58,0,58,70.3,5,2,2,1.92,1.92,2.96,0.82,31.3,6.5,4.8,29.1
57827,543144,Danny Farquhar,26,SEA,1.7,62,2.61,0.47,64,46,0,46,55.7,0,3,16,4.2,4.69,1.86,1.19,34.6,9.6,3.6,32.1
47415,456501,Johnny Cueto,27,CIN,1.7,94,3.93,0.59,98,11,11,0,60.7,5,2,0,2.82,2.97,3.81,1.05,21.1,7.4,2.8,24.5
38205,493133,Hiroki Kuroda,38,NYY,1.7,102,4.26,0.44,102,32,32,0,201.3,11,13,0,3.31,3.53,3.56,1.16,18.2,5.2,3.5,22.9
100718,622072,Alex Wood,22,ATL,1.7,83,3.47,0.54,80,31,11,20,77.7,3,3,0,3.13,3.36,2.65,1.33,23.5,8.3,2.9,22.9
58453,489119,Wade Miley,26,ARI,1.7,110,4.61,0.53,103,33,33,0,202.7,10,10,0,3.55,3.91,3.98,1.32,17.4,7.8,2.2,19.2
16660,425626,Chris Capuano,34,LAD,1.7,100,4.17,0.58,93,24,20,4,105.7,4,7,0,4.26,4.85,3.55,1.41,17.7,5.3,3.4,23.1
35922,429985,Chad Gaudin,30,SF,1.6,88,3.69,0.54,100,30,12,18,97,5,2,0,3.06,3.15,3.34,1.25,21.7,9.9,2.2,21.9
46026,467094,Felix Doubront,25,BOS,1.6,99,4.12,0.51,96,29,27,2,162.3,11,6,0,4.32,4.66,3.78,1.43,19.7,10.1,2,19.6
50215,502272,Casey Fien,29,MIN,1.6,68,2.85,0.49,73,73,0,73,62,5,2,0,3.92,4.06,3.16,1.02,29.9,4.9,6.1,31.2
70641,608379,Michael Wacha,21,STL,1.6,81,3.37,0.51,85,15,9,6,64.7,4,1,0,2.78,2.78,2.92,1.1,25,7.3,3.4,25.9
45552,430904,Paul Maholm,31,ATL,1.6,118,4.93,0.62,106,26,26,0,153,10,11,0,4.41,4.82,4.24,1.41,15.7,7,2.2,16.6
58661,543766,Bryan Shaw,25,CLE,1.6,85,3.55,0.54,92,70,0,70,75,7,3,1,3.24,3.72,3.07,1.17,23.1,8.9,2.6,25.1
57744,519105,Jarrod Parker,24,OAK,1.6,116,4.83,0.61,119,32,32,0,197,12,8,0,3.97,4.2,4.4,1.22,16.4,7.7,2.1,22.1
49543,489265,Sergio Romo,30,SF,1.6,87,3.63,0.66,93,65,0,65,60.3,5,8,38,2.54,2.98,2.85,1.08,23.2,4.8,4.8,30.9
45558,435221,Brandon McCarthy,29,ARI,1.6,111,4.63,0.6,105,22,22,0,135,5,11,0,4.53,4.73,3.75,1.35,13.2,3.6,3.6,12.9
47279,445926,Jesse Chavez,29,OAK,1.6,88,3.68,0.62,94,35,0,35,57.3,2,4,1,3.92,4.24,3.01,1.22,22.2,8.1,2.8,22.4
56723,517593,Danny Salazar,23,CLE,1.5,79,3.3,0.61,83,10,10,0,52,2,3,0,3.12,3.12,3.16,1.13,30.8,7.1,4.3,31
16715,346797,Grant Balfour,35,OAK,1.5,88,3.66,0.65,95,65,0,65,62.7,1,3,38,2.59,2.87,3.49,1.2,27.5,10.3,2.7,27.3
55734,518567,Josh Collmenter,27,ARI,1.5,85,3.54,0.52,100,49,0,49,92,5,5,0,3.13,3.33,3.47,1.22,22.1,8.6,2.6,24.1
100107,572089,Paco Rodríguez,22,LAD,1.5,71,2.98,0.48,74,76,0,76,54.3,3,4,2,2.32,2.48,3.08,0.9,30.3,9.1,3.3,34.5
37381,547874,Hisashi Iwakuma,32,SEA,1.5,81,3.4,0.36,85,33,33,0,219.7,14,6,0,2.66,2.83,3.44,1.01,21.4,4.8,4.4,23.1
638,408241,Jake Peavy,32,BOS,1.5,104,4.34,0.54,113,23,23,0,144.7,12,5,0,4.17,4.35,3.96,1.15,20.5,6.1,3.4,19.3
49107,448614,Carlos Torres,30,NYM,1.5,85,3.54,0.5,92,33,9,24,86.3,4,6,0,3.44,3.54,4.3,1.11,21.3,4.8,4.4,22.8
1526,279824,Mark Buehrle,34,TOR,1.5,120,4.99,0.6,109,33,33,0,203.7,12,10,0,4.15,4.42,4.1,1.35,15.9,5.8,2.7,17.5
1117,282332,CC Sabathia,32,NYY,1.5,110,4.58,0.53,101,32,32,0,211,14,13,0,4.78,5.2,4.1,1.37,19.3,7.2,2.7,22
1250,276542,Joaquin Benoit,35,DET,1.5,83,3.48,0.57,89,66,0,66,67,4,1,24,2.01,2.01,2.87,1.03,27.5,8.3,3.3,31.6
34195,425840,Neal Cotts,33,TEX,1.4,71,2.98,0.51,75,58,0,58,57,8,3,1,1.11,1.26,2.17,0.95,29.1,8.1,3.6,26.1
60655,572070,Garrett Richards,25,LAA,1.4,105,4.38,0.57,94,47,17,30,145,7,8,1,4.16,4.53,3.66,1.34,16.3,7.1,2.3,21.6
55725,518553,Steve Cishek,27,MIA,1.4,78,3.28,0.49,79,69,0,69,69.7,4,6,34,2.33,2.45,2.52,1.08,26.3,7.8,3.4,24.9
38784,466948,Jean Machi,31,SF,1.4,80,3.34,0.59,80,51,0,51,53,3,1,0,2.38,2.55,2.29,1.09,24.2,5.7,4.3,25.7
53182,451773,Dane De La Rosa,30,LAA,1.4,88,3.69,0.59,91,75,0,75,72.3,6,1,2,2.86,3.11,2.99,1.16,22.3,9.6,2.3,27.1
17096,276351,Jason Grilli,36,PIT,1.4,63,2.62,0.5,67,54,0,54,50,0,2,33,2.7,2.7,1.97,1.06,36.6,6.4,5.7,31.6
45621,450172,Edinson Vólquez,29,LAD,1.4,112,4.66,0.56,105,33,32,1,170.3,9,12,0,5.71,6.02,4.24,1.59,18.3,9.9,1.8,21.7
57473,519043,Matt Moore,24,TB,1.4,106,4.44,0.61,111,27,27,0,150.3,17,4,0,3.29,3.47,3.95,1.3,22.3,11.8,1.9,24.5
51032,501789,Will Harris,28,ARI,1.4,81,3.37,0.62,81,61,0,61,52.7,4,1,0,2.91,2.91,2.74,1.23,24.4,6.9,3.5,24.9
50224,502304,David Carpenter,27,ATL,1.4,73,3.05,0.47,82,56,0,56,65.7,4,1,0,1.78,1.78,2.83,0.99,28.9,7.8,3.7,27.4
1604,121250,Mariano Rivera,43,NYY,1.3,90,3.74,0.54,94,64,0,64,64,6,2,44,2.11,2.25,3.05,1.05,21.1,3.5,6,20.9
49766,475416,Justin Masterson,28,CLE,1.3,82,3.43,0.41,82,32,29,3,193,14,10,0,3.45,3.5,3.35,1.2,24.3,9.5,2.6,23.3
57750,475857,Ryan Cook,26,OAK,1.3,82,3.44,0.6,85,71,0,71,67.3,6,4,2,2.54,2.94,2.74,1.29,22.8,8.5,2.7,24.3
48029,452718,Kyle Kendrick,28,PHI,1.3,111,4.64,0.55,105,30,30,0,182,10,13,0,4.7,5.14,4.02,1.4,13.8,5.9,2.3,15.1
45571,433589,Yusmeiro Petit,28,SF,1.3,85,3.53,0.64,93,8,7,1,48,4,1,0,3.56,3.56,2.86,1.19,24,5.6,4.3,25.5
52254,448802,Jaime García,26,STL,1.3,100,4.19,0.74,91,9,9,0,55.3,5,2,0,3.58,4.23,3.72,1.3,18.4,6.4,2.9,25.1
56449,516969,Kelvin Herrera,23,KC,1.3,77,3.21,0.52,80,59,0,59,58.3,5,7,2,3.86,4.17,3.7,1.18,30.2,8.6,3.5,31.9
461,150274,Joe Nathan,38,TEX,1.3,79,3.3,0.51,91,67,0,67,64.7,6,2,43,1.39,1.39,2.26,0.9,29.2,8.8,3.3,26.9
46298,445213,Brandon Kintzler,28,MIL,1.3,93,3.89,0.54,87,71,0,71,77,3,3,0,2.69,3.04,2.54,1.06,19,5.2,3.6,20
50102,502046,Jeff Locke,25,PIT,1.3,114,4.74,0.54,112,30,30,0,166.3,10,7,0,3.52,3.73,4.03,1.38,17.6,11.8,1.5,21.6
1449,407845,Fernando Rodney,36,TB,1.3,80,3.32,0.55,84,68,0,68,66.7,5,4,37,3.38,3.65,2.84,1.34,28.3,12.4,2.3,31.9
40798,448159,Manny Parra,30,CIN,1.3,72,3.01,0.51,74,57,0,57,46,2,3,0,3.33,3.52,3.07,1.2,29.8,8,3.7,33.2
46755,489334,Craig Stammen,29,WSH,1.3,90,3.75,0.56,84,55,0,55,81.7,7,6,0,2.76,3.31,2.82,1.29,23.3,8,2.9,29.1
52546,456776,Alex Torres,25,TB,1.2,78,3.25,0.51,83,39,0,39,58,4,2,0,1.71,1.86,2.32,0.9,27.4,8.8,3.1,29.1
45918,457117,Ernesto Frieri,27,LAA,1.2,75,3.12,0.67,89,67,0,67,68.7,2,4,37,3.8,3.8,3.72,1.24,33.6,10.3,3.3,33.4
47296,445197,Mike Dunn,28,MIA,1.2,76,3.16,0.52,83,75,0,75,67.7,3,4,2,2.66,2.79,3.12,1.2,25.5,9.9,2.6,26.1
58984,547749,Junichi Tazawa,27,BOS,1.2,76,3.19,0.51,85,71,0,71,68.3,5,4,0,3.16,3.29,3.22,1.2,25.4,4.2,6,26.8
45595,450306,Jason Vargas,30,LAA,1.2,117,4.9,0.66,112,24,24,0,150,9,8,0,4.02,4.08,4.09,1.39,16.9,7.1,2.4,21.1
48219,459429,Jake McGee,26,TB,1.2,80,3.35,0.61,84,71,0,71,62.7,5,3,1,4.02,4.02,3.42,1.18,28.8,8.5,3.4,25
58533,527048,Martín Pérez,22,TEX,1.2,114,4.74,0.7,105,20,20,0,124.3,10,6,0,3.62,3.98,4.23,1.34,15.9,7,2.3,22.3
50258,502381,Luke Gregerson,29,SD,1.2,85,3.54,0.56,89,73,0,73,66.3,6,8,4,2.71,3.26,2.7,1.01,23.9,6.7,3.6,30.8
45913,447755,Steve Delabar,29,TOR,1.2,68,2.85,0.57,77,55,0,55,58.7,5,5,1,3.22,3.84,2.72,1.35,32.4,11.5,2.8,34.1
59179,458677,Justin Wilson,25,PIT,1.1,88,3.67,0.5,91,58,0,58,73.7,6,1,0,2.08,2.08,3.41,1.06,20,9.5,2.1,21.7
58289,543883,Nick Vincent,26,SD,1.1,75,3.15,0.52,80,45,0,45,46.3,6,3,1,2.14,2.14,2.06,0.95,27.2,6.1,4.5,24.5
46239,459967,Sam LeCure,29,CIN,1.1,83,3.46,0.57,87,63,0,63,61,2,1,1,2.66,2.66,2.97,1.21,26.3,9.6,2.8,26
45541,434442,J.P. Howell,30,LAD,1.1,82,3.44,0.5,84,67,0,67,62,4,1,0,2.03,2.03,2.89,1.05,22,9.3,2.3,25.6
56302,518703,Charlie Furbush,27,SEA,1.1,71,2.95,0.52,79,71,0,71,65,2,6,0,3.74,4.57,3.06,1.18,28.6,10.4,2.8,29.4
50101,502042,Chris Archer,24,TB,1.1,108,4.51,0.58,109,23,23,0,128.7,9,7,0,3.22,3.43,4.07,1.13,19.2,7.2,2.7,21.4
58921,543699,Tanner Roark,26,WSH,1.1,90,3.78,0.54,93,14,5,9,53.7,7,1,0,1.51,1.84,2.41,0.91,19.6,5.4,3.6,16.2
1476,115629,LaTroy Hawkins,40,NYM,1.1,91,3.81,0.54,91,72,0,72,70.7,3,2,13,2.93,3.44,3.06,1.15,19.1,3.5,5.5,18.5
46193,445163,Casey Janssen,31,TOR,1.1,86,3.59,0.6,89,56,0,56,52.7,4,1,34,2.56,2.91,2.74,0.99,23.8,6.2,3.8,21.7
49925,468504,Jhoulys Chacín,25,COL,1.1,101,4.23,0.51,102,31,31,0,197.3,14,10,0,3.47,3.74,3.47,1.26,15.4,7.5,2.1,18.6
53253,448281,Sean Doolittle,26,OAK,1.1,87,3.62,0.51,95,70,0,70,69,5,5,2,3.13,3.13,2.71,0.96,22.6,4.9,4.6,23.7
45553,451788,Shaun Marcum,31,NYM,1.1,102,4.25,0.59,108,14,12,2,78.3,1,10,0,5.29,5.51,3.64,1.35,18,6.3,2.9,21.7
47921,457429,Boone Logan,28,NYY,1,66,2.77,0.53,67,61,0,61,39,5,2,0,3.23,3.46,3.82,1.18,31.4,8.2,3.8,31.1
60504,573109,AJ Ramos,26,MIA,1,84,3.51,0.59,95,68,0,68,80,3,4,0,3.15,3.6,3.24,1.26,25.4,12.7,2,27.6
46451,446185,Logan Ondrusek,28,CIN,1,84,3.51,0.57,89,52,0,52,55,3,1,0,4.09,4.25,3.94,1.25,22.7,6.9,3.3,27
66213,554430,Zack Wheeler,23,NYM,1,97,4.04,0.53,103,17,17,0,100,7,5,0,3.42,3.78,4.17,1.36,19.5,10.7,1.8,21.6
57820,543135,Nathan Eovaldi,23,MIA,1,106,4.42,0.62,109,18,18,0,106.3,4,6,0,3.39,3.72,3.59,1.32,17.3,8.9,1.9,18.9
58356,543408,Tom Koehler,27,MIA,1,106,4.43,0.57,109,29,23,6,143,5,10,0,4.41,4.53,4.27,1.36,15.3,9,1.7,18.1
55886,506693,Henderson Alvarez III,23,MIA,1,101,4.23,0.57,100,17,17,0,102.7,5,6,0,3.59,3.68,3.18,1.14,13.6,6.5,2.1,15.5
48557,450282,Glen Perkins,30,MIN,1,65,2.74,0.44,67,61,0,61,62.7,2,0,36,2.3,2.3,2.49,0.93,32.1,6.3,5.1,28.4
67085,592665,Addison Reed,24,CWS,1,87,3.63,0.62,96,68,0,68,71.3,5,4,40,3.79,3.91,3.17,1.11,24.4,7.8,3.1,25.4
31338,279571,Matt Belisle,33,COL,1,83,3.48,0.53,83,72,0,72,73,5,7,0,4.32,4.56,3.03,1.25,20.6,5,4.1,22.4
51862,491646,Jeanmar Gómez,25,PIT,1,104,4.34,0.56,104,34,8,26,80.7,3,0,0,3.35,3.9,3.85,1.15,15.9,8.4,1.9,21.1
34226,430884,Jesse Crain,31,CWS,1,76,3.19,0.6,84,38,0,38,36.7,2,3,0,0.74,1.47,1.52,1.15,30.3,7.2,4.2,26.6
55695,446399,Brett Cecil,26,TOR,0.9,72,3.01,0.5,74,60,0,60,60.7,5,1,1,2.82,2.97,2.88,1.1,28,9.2,3,29.1
47758,449104,Jim Henderson,30,MIL,0.9,80,3.33,0.63,92,61,0,61,60,5,5,28,2.7,2.7,3.58,1.13,30.4,9.7,3.1,30.9
45530,452733,Tom Gorzelanny,30,MIL,0.9,89,3.7,0.54,92,43,10,33,85.3,3,6,0,3.9,4.32,3.94,1.27,23.3,8.7,2.7,25.3
56948,477229,Jordan Walden,25,ATL,0.9,79,3.3,0.61,87,50,0,50,47,4,3,1,3.45,3.64,2.81,1.13,28,7.3,3.9,33.3
49130,444436,Ryan Webb,27,MIA,0.9,100,4.18,0.57,99,66,0,66,80.3,2,6,0,2.91,3.36,3.6,1.21,16.3,8.1,2,21.8
48365,458730,Bobby Parnell,28,NYM,0.9,85,3.55,0.53,84,49,0,49,50,5,5,22,2.16,3.06,2.33,1,22.2,6.1,3.7,20.7
50555,503285,Darren O'Day,30,BAL,0.9,86,3.59,0.53,96,68,0,68,62,5,3,2,2.18,2.32,3.58,1,23.9,6.1,3.9,27.1
45591,445612,Dale Thayer,32,SD,0.9,90,3.75,0.58,97,69,0,69,65,3,5,1,3.32,3.46,3.79,1.25,23.7,8.1,2.9,21.6
49580,491159,Joe Thatcher,31,ARI,0.9,80,3.35,0.48,89,72,0,72,39.3,3,2,0,3.2,3.2,3.38,1.27,22,6.1,3.6,22.2
57403,488984,Tommy Hunter,26,BAL,0.9,91,3.78,0.53,100,68,0,68,86.3,6,5,4,2.81,2.92,3.69,0.98,20.2,4.2,4.9,21.3
31311,408061,Francisco Rodríguez,31,BAL,0.9,86,3.58,0.55,92,48,0,48,46.7,3,2,10,2.7,2.7,3.65,1.2,28,7.3,3.9,25.3
44239,407842,Jose Veras,32,DET,0.9,91,3.82,0.54,98,67,0,67,62.7,0,5,21,3.02,3.3,3.62,1.07,23.6,8.7,2.7,25.3
45681,488674,Burke Badenhop,30,MIL,0.9,98,4.08,0.6,97,63,0,63,62.3,2,3,1,3.47,4.62,3.53,1.19,16.5,4.7,3.5,15.9
70349,571561,Tony Cingrani,23,CIN,0.9,76,3.17,0.48,89,23,18,5,104.7,7,4,0,2.92,3.18,3.78,1.1,28.6,10.2,2.8,25.2
49617,453192,Andrew Miller,28,BOS,0.9,57,2.38,0.6,56,37,0,37,30.7,1,2,0,2.64,3.52,3.05,1.37,35.6,12.6,2.8,31.5
35597,430630,Jason Frasor,35,TEX,0.8,89,3.71,0.65,95,61,0,61,49,4,3,0,2.57,2.76,3.37,1.14,24,10,2.4,23.9
49832,467100,Iván Nova,26,NYY,0.8,95,3.99,0.54,91,23,20,3,139.3,9,6,0,3.1,3.17,3.47,1.28,19.8,7.5,2.6,22.7
36959,448179,Rich Hill,33,CLE,0.8,82,3.43,0.77,91,63,0,63,38.7,1,2,0,6.28,6.98,3.82,1.73,28,15.9,1.8,26.6
45617,431162,Tim Stauffer,31,SD,0.8,80,3.36,0.48,85,43,0,43,69.7,3,1,0,3.75,3.75,3.55,1.13,22.5,7,3.2,20.6
46483,465629,Edward Mujica,29,STL,0.8,99,4.14,0.57,101,65,0,65,64.7,2,1,37,2.78,2.78,3.71,1.01,18,2,9.2,24.3
47804,456696,David Hernandez,28,ARI,0.8,92,3.83,0.68,104,62,0,62,62.3,5,6,2,4.48,4.76,4.36,1.19,25.1,9.1,2.8,28.8
58268,475479,David Phelps,26,NYY,0.8,110,4.58,0.69,108,22,12,10,86.7,6,5,0,4.98,5.19,3.81,1.42,21,9.3,2.3,18.5
45514,461325,Tyler Clippard,28,WSH,0.8,90,3.78,0.58,109,72,0,72,71,6,3,0,2.41,2.41,3.82,0.86,26.5,8.7,3,29.8
58552,519151,Ryan Pressly,24,MIN,0.7,109,4.56,0.66,111,49,0,49,76.7,3,3,0,3.87,4.34,3.67,1.28,15.6,8.6,1.8,18.8
45568,449097,Jonathan Papelbon,32,PHI,0.7,89,3.71,0.59,93,61,0,61,61.7,5,1,29,2.92,3.36,3.05,1.14,22.4,4.3,5.2,22.9
58281,519293,Will Smith,23,KC,0.7,70,2.91,0.51,71,19,1,18,33.3,2,1,0,3.24,4.32,3.53,0.93,32.8,5.3,6.1,34.5
33548,433584,Roberto Hernandez,32,TB,0.7,115,4.79,0.55,105,32,24,8,151,6,13,1,4.89,5.19,4.63,1.34,17.6,5.9,3,19.1
639,424144,Oliver Pérez,31,SEA,0.7,63,2.63,0.57,70,61,0,61,53,3,3,2,3.74,3.91,3.26,1.43,32.3,11.4,2.8,30.8
702,276520,Bronson Arroyo,36,CIN,0.7,104,4.35,0.51,112,32,32,0,202,14,12,0,3.79,3.92,4.49,1.15,15.1,4.1,3.6,15.4
58318,543359,Dan Jennings,26,MIA,0.7,84,3.49,0.68,86,47,0,47,40.7,2,4,0,3.76,3.76,2.68,1.35,22.2,9.4,2.4,27.3
58985,451085,Brian Matusz,26,BAL,0.7,83,3.46,0.56,89,65,0,65,51,2,1,0,3.53,3.71,2.91,1.16,24,7.7,3.1,28.3
68920,595307,Seth Maness,24,STL,0.7,106,4.41,0.66,89,66,0,66,62,5,2,1,2.32,2.47,3.44,1.26,14.1,5.2,2.7,17.3
58054,545404,Brandon Beachy,26,ATL,0.7,98,4.09,0.68,102,5,5,0,30,2,1,0,4.5,5.1,4.08,1.03,19.2,3.3,5.8,21.3
59935,542674,Gonzalez Germen,25,NYM,0.7,93,3.88,0.75,100,29,0,29,34.3,1,2,1,3.93,3.93,2.9,1.4,22.1,10.7,2.1,32.4
50062,501957,Chris Tillman,25,BAL,0.7,97,4.07,0.48,107,33,33,0,206.3,16,7,0,3.71,3.79,4.42,1.22,21.2,8,2.6,20.2
59345,519322,Drew Storen,25,WSH,0.7,91,3.81,0.72,94,68,0,68,61.7,4,2,3,4.52,4.96,3.62,1.36,21.7,7.1,3.1,21.2
49127,450308,Jered Weaver,30,LAA,0.7,112,4.7,0.58,118,24,24,0,154.3,11,8,0,3.27,3.38,3.82,1.14,18.5,5.8,3.2,23.5
51962,453284,Blake Parker,28,CHC,0.7,71,2.98,0.53,83,49,0,49,46.3,1,2,1,2.72,3.3,2.9,1.17,28.2,7.7,3.7,27.1
16620,425657,Javier López,35,SF,0.7,77,3.22,0.54,73,69,0,69,39.3,4,2,1,1.83,2.29,2.41,1.07,23,7.5,3.1,28
49777,476570,Vin Mazzaro,26,PIT,0.7,104,4.35,0.62,104,57,0,57,73.7,8,2,1,2.81,2.81,3.31,1.21,15.1,6.9,2.2,19
60740,572362,Robbie Erlin,22,SD,0.7,96,4.01,0.68,102,11,9,2,54.7,3,3,0,4.12,4.28,3.83,1.24,17.6,6.6,2.7,15.9
57584,519437,Chris Withrow,24,LAD,0.7,74,3.08,0.59,81,26,0,26,34.7,3,0,1,2.6,2.6,3.57,0.95,32.1,9.7,3.3,27
53661,458550,Jeremy Hefner,27,NYM,0.7,97,4.07,0.53,103,24,23,1,130.7,4,8,0,4.34,5.17,4.49,1.29,17.8,6.7,2.7,20
50199,502239,Trevor Cahill,25,ARI,0.7,114,4.77,0.58,110,26,25,1,146.7,8,10,0,3.99,4.3,4.26,1.42,16,10.2,1.6,20.5
32273,425786,Scott Atchison,37,NYM,0.6,109,4.55,0.69,106,50,0,50,45.3,3,3,0,4.37,5.36,3.75,1.26,14.4,6.2,2.3,17.4
59607,571521,Rex Brothers,25,COL,0.6,80,3.35,0.57,82,72,0,72,67.3,2,1,19,1.74,2.14,3.36,1.29,27,12.8,2.1,28.5
45618,434643,Wandy Rodriguez,34,PIT,0.6,107,4.48,0.72,110,12,12,0,62.7,6,4,0,3.59,3.73,4.42,1.12,17.7,4.6,3.8,14.9
40263,450212,Pat Neshek,32,OAK,0.6,111,4.62,0.85,120,45,0,45,40.3,2,1,0,3.35,3.79,4.66,1.36,16.4,8.5,1.9,23
52360,455374,Antonio Bastardo,27,PHI,0.6,89,3.72,0.71,98,48,0,48,42.7,3,2,2,2.32,2.53,3,1.27,26.3,11.7,2.2,30.9
46650,458713,Kevin Slowey,29,MIA,0.6,105,4.39,0.68,114,20,14,6,92,3,6,0,4.11,4.3,3.81,1.35,19.2,4.6,4.2,16.9
59336,518863,Taylor Jordan,24,WSH,0.6,111,4.62,0.68,101,9,9,0,51.7,1,3,0,3.66,4.7,3.49,1.35,13.2,5,2.6,22.3
35863,433586,Santiago Casilla,32,SF,0.6,112,4.67,0.73,110,57,0,57,50,7,2,2,2.16,2.52,3.67,1.28,18.3,12,1.5,22.4
52489,456379,Al Alburquerque,27,DET,0.6,78,3.26,0.65,88,53,0,53,49,4,3,0,4.59,4.59,3.72,1.49,31.8,15.5,2.1,38.1
31497,425514,Heath Bell,35,ARI,0.6,85,3.55,0.64,87,69,0,69,65.7,5,2,15,4.11,4.11,4.1,1.37,25.1,5.6,4.5,22.9
37412,429719,Edwin Jackson,29,CHC,0.6,103,4.3,0.6,95,31,31,0,175.3,8,18,0,4.98,5.65,3.79,1.46,17.4,7.6,2.3,21.2
67137,592804,Tyler Thornburg,24,MIL,0.5,104,4.32,0.59,112,18,7,11,66.7,3,1,0,2.03,2.3,3.11,1.19,17.8,9.6,1.8,19
47078,460283,Jerry Blevins,29,OAK,0.5,95,3.98,0.57,108,67,0,67,60,5,0,0,3.15,3.45,3.88,1.07,21.2,6.9,3.1,22.6
68438,544928,Tyler Lyons,25,STL,0.5,102,4.26,0.68,100,12,8,4,53,2,4,0,4.75,4.92,3.73,1.23,19.3,7.2,2.7,20.5
58673,543779,Kevin Siegrist,23,STL,0.5,70,2.93,0.48,76,45,0,45,39.7,3,1,0,0.45,0.45,2.29,0.88,32.9,11.8,2.8,24.3
46761,461872,Anthony Swarzak,27,MIN,0.5,94,3.94,0.5,99,48,0,48,96,3,2,0,2.91,3.09,3.28,1.16,17.8,5.7,3.1,18.3
66968,592238,Brandon Cumpton,24,PIT,0.5,87,3.63,0.64,89,6,5,1,30.7,2,1,0,2.05,2.35,2.62,1.01,17.7,4,4.4,14.9
68414,519443,Brandon Workman,24,BOS,0.5,83,3.48,0.68,87,20,3,17,41.7,6,3,0,4.97,4.97,3.43,1.42,26.1,8.3,3.1,25.1
52572,453178,Ian Kennedy,28,SD,0.5,103,4.31,0.51,110,31,31,0,181.3,7,10,0,4.91,5.36,4.59,1.4,20.5,9.2,2.2,22.6
51591,500721,Yoervis Medina,24,SEA,0.5,88,3.67,0.68,92,63,0,63,68,4,6,1,2.91,2.91,3.86,1.31,24.4,13.7,1.8,26.5
56957,453265,Tony Watson,28,PIT,0.5,90,3.78,0.56,96,67,0,67,71.7,3,1,2,2.39,2.39,3.2,0.88,19.3,4.3,4.5,24.1
48258,450203,Charlie Morton,29,PIT,0.5,102,4.26,0.58,94,20,20,0,116,7,4,0,3.26,3.96,3.6,1.28,17.2,7.3,2.4,19.8
60728,543726,Robbie Ross Jr.,24,TEX,0.5,87,3.62,0.62,90,65,0,65,62.3,4,2,0,3.03,3.03,3.18,1.32,21.7,7.1,3.1,21.9
46437,456027,Ross Ohlendorf,30,WSH,0.5,99,4.12,0.57,106,16,7,9,60.3,4,1,0,3.28,3.28,4.03,1.16,18.2,5.7,3.2,19.8
46329,467726,Jose Mijares,28,SF,0.5,86,3.61,0.77,91,60,0,60,49,0,3,0,4.22,4.41,3.05,1.78,22.9,8.5,2.7,22.1
45545,435178,Josh Johnson,29,TOR,0.4,107,4.47,0.87,98,16,16,0,81.3,2,8,0,6.2,7.08,4.62,1.66,21.6,7.8,2.8,24
56533,518875,Shawn Kelley,29,NYY,0.4,74,3.1,0.67,84,57,0,57,53.3,4,2,0,4.39,4.73,3.63,1.31,31.3,10.1,3.1,30
57679,525768,Tim Collins,23,KC,0.4,88,3.66,0.68,97,66,0,66,53.3,3,6,0,3.54,4.39,3.4,1.44,22.3,12,1.9,22.9
68557,592332,Kevin Gausman,22,BAL,0.4,93,3.89,0.7,93,20,5,15,47.7,3,5,0,5.66,5.66,3.99,1.34,24.4,6.5,3.8,23.6
52044,460008,Anthony Varvaro,28,ATL,0.4,113,4.73,0.67,114,62,0,62,73.3,3,1,1,2.82,3.07,3.47,1.27,14.1,8.2,1.7,18
48398,461856,Troy Patton,27,BAL,0.4,96,4,0.67,97,56,0,56,56,2,0,0,3.7,4.02,4.42,1.3,17.9,6.8,2.6,25
489,277417,Josh Beckett,33,LAD,0.4,92,3.85,0.77,98,8,8,0,43.3,0,5,0,5.19,6.23,4.66,1.5,21,7.7,2.7,26.3
46719,467008,Pedro Strop,28,CHC,0.4,78,3.27,0.48,82,66,0,66,57.3,2,5,1,4.55,4.71,3.55,1.24,26,10.2,2.5,28
51934,453198,Chris Perez,27,CLE,0.4,96,3.99,0.77,99,54,0,54,54,5,3,25,4.33,4.5,5.09,1.43,22.2,8.6,2.6,20.5
38540,434637,Matt Lindstrom,33,CWS,0.4,104,4.36,0.71,94,76,0,76,60.7,2,4,0,3.12,3.41,3.15,1.43,17.7,8.8,2,22.7
45588,434718,Huston Street,29,SD,0.4,101,4.24,0.67,116,58,0,58,56.7,2,5,33,2.7,2.7,4.92,1.02,20.7,6.3,3.3,26.2
49706,472551,Fernando Abad,27,WSH,0.4,86,3.59,0.67,94,39,0,39,37.7,0,3,0,3.35,3.35,3.26,1.38,19.3,6,3.2,21.7
51434,493603,Adam Ottavino,27,COL,0.4,80,3.32,0.49,84,51,0,51,78.3,1,3,0,2.64,3.1,3.15,1.33,23.3,9.3,2.5,28.5
1182,400089,Rafael Soriano,33,WSH,0.4,106,4.42,0.72,113,68,0,68,66.7,3,3,43,3.11,3.24,3.65,1.23,18.4,6.1,3,19.3
50538,503449,Wily Peralta,24,MIL,0.4,112,4.66,0.58,107,32,32,0,183.3,11,15,0,4.37,5.25,4.3,1.42,16.1,9.1,1.8,20.9
48291,448722,Juan Pablo Perez,34,TOR,0.3,88,3.68,0.7,86,19,0,19,31.7,1,2,0,3.69,4.83,3.71,1.2,25.2,11.5,2.2,25.8
46496,489189,Josh Outman,28,COL,0.3,82,3.44,0.6,85,61,0,61,54,3,0,0,4.33,4.5,3.25,1.46,22.3,9.7,2.3,30
65796,502011,Preston Claiborne,25,NYY,0.3,100,4.19,0.66,103,44,0,44,50.3,0,2,0,4.11,4.11,4.14,1.29,19.6,6.5,3,25.7
49218,446899,Brad Ziegler,33,ARI,0.3,108,4.51,0.64,97,78,0,78,73,8,1,13,2.22,2.47,3.4,1.14,14.8,7.4,2,21.2
57181,517414,Randall Delgado,23,ARI,0.3,100,4.18,0.54,107,20,19,1,116.3,5,7,0,4.26,4.56,4.99,1.19,16.7,4.9,3.4,20.6
70434,605169,Carter Capps,22,SEA,0.3,90,3.76,0.72,94,53,0,53,59,3,3,0,5.49,5.64,4.73,1.63,24.4,8.5,2.9,29.3
52453,451628,Alfredo Figaro,28,MIL,0.3,105,4.39,0.6,106,33,5,28,74,3,3,1,4.14,4.99,4.87,1.24,17.1,4.7,3.6,17.6
40962,407908,Joel Peralta,37,TB,0.3,101,4.2,0.73,115,80,0,80,71.3,3,8,1,3.41,3.91,3.68,1.14,25.4,11.7,2.2,26.8
45522,435043,Zach Duke,30,CIN,0.3,105,4.38,0.72,105,26,1,25,31.3,1,2,0,6.03,6.61,4.2,1.56,12.7,7,1.8,23.1
55842,518617,Jake Diekman,26,PHI,0.3,77,3.22,0.58,76,45,0,45,38.3,1,4,0,2.58,3.52,2.5,1.3,25,9.8,2.6,31.6
60619,571901,Aaron Loup,25,TOR,0.2,90,3.75,0.55,85,64,0,64,69.3,4,6,2,2.47,2.99,3.32,1.14,18.8,4.6,4.1,21.1
1152,150119,Freddy Garcia,36,ATL,0.2,118,4.91,0.59,119,17,13,4,80.3,4,7,0,4.37,4.48,5.49,1.24,13.9,5.1,2.7,18.8
1340,119984,Darren Oliver,42,TOR,0.2,95,3.98,0.66,94,50,0,50,49,3,4,0,3.86,4.41,4.05,1.27,19.6,7.4,2.7,20
51966,453307,David Huff,28,NYY,0.2,101,4.2,0.64,104,14,2,12,37.7,3,1,0,5.5,5.5,4.61,1.12,20.5,6,3.4,23.1
1577,329092,Randy Choate,37,STL,0.2,83,3.48,0.57,79,64,0,64,35.3,2,1,0,2.29,2.29,2.57,1.05,19.9,7.8,2.5,26.8
65756,452666,Tom Wilhelmsen,29,SEA,0.2,113,4.74,0.76,116,59,0,59,59,0,3,24,4.12,4.27,3.69,1.32,17.9,13.1,1.4,26.4
47419,445153,Darin Downs,28,DET,0.2,90,3.75,0.7,90,29,0,29,35.3,0,2,0,4.84,5.09,3.53,1.33,24.5,7.3,3.4,29.5
59986,543054,Jarred Cosart,23,HOU,0.2,137,5.71,0.88,126,10,10,0,60,1,1,0,1.95,2.25,4.35,1.35,13.4,14.2,0.9,16.2
58538,543643,Jonathan Pettibone,22,PHI,0.2,111,4.64,0.62,110,18,18,0,100.3,5,4,0,4.04,4.49,4.18,1.47,15.1,8.7,1.7,15.6
51979,457566,Greg Burke,30,NYM,0.2,92,3.85,0.91,92,32,0,32,31.7,0,3,0,5.68,7.67,3.93,1.83,17.9,9.6,1.9,24.5
999,407193,Brandon Lyon,33,NYM,0.2,116,4.86,0.95,114,37,0,37,34.3,2,2,0,4.98,5.24,3.98,1.63,15,8.5,1.8,20.2
31330,430589,Chad Qualls,34,MIA,0.2,96,4.03,0.62,88,66,0,66,62,5,2,0,2.61,2.61,3.32,1.23,19.4,7.5,2.6,24.1
398,275933,Scott Downs,37,ATL,0.1,95,3.97,0.68,89,68,0,68,43.3,4,4,0,2.49,2.7,3.09,1.48,19.6,10.1,1.9,24.4
55512,446099,John Axford,30,STL,0.1,94,3.92,0.63,98,75,0,75,65,7,7,0,4.02,4.43,4.34,1.52,22.5,9,2.5,25.3
49043,447744,Raul Valdes,35,PHI,0.1,88,3.69,0.78,97,17,1,16,35,1,1,0,7.46,7.46,4.39,1.43,24.3,5.3,4.6,25.9
57047,519096,Dan Otero,28,OAK,0.1,95,3.96,0.63,89,33,0,33,39,2,0,0,1.38,1.62,2.12,1.23,17,3.8,4.5,14.8
61000,572140,Tyler Skaggs,21,ARI,0.1,98,4.08,0.85,102,7,7,0,38.7,2,3,0,5.12,5.35,4.86,1.37,21.2,8.8,2.4,22.7
53610,444935,Nick Hagadone,27,CLE,0.1,97,4.04,0.83,106,36,0,36,31.3,0,1,0,5.46,6.03,4.8,1.44,22.6,15.8,1.4,24.6
57985,543331,J.J. Hoover,25,CIN,0.1,85,3.54,0.57,98,69,0,69,66,5,5,3,2.86,2.86,3.47,1.11,24.9,9.7,2.6,23.8
59351,523260,Joe Kelly,25,STL,0.1,110,4.61,0.63,108,37,15,22,124,10,5,0,2.69,3.05,4.01,1.35,14.8,8.3,1.8,16.4
45544,448178,Kevin Jepsen,28,LAA,0.1,96,4.03,0.92,99,45,0,45,36,1,3,0,4.5,5.25,3.38,1.53,22,8.5,2.6,21
31680,407816,J.J. Putz,36,ARI,0.1,82,3.42,0.65,86,40,0,40,34.3,3,1,6,2.36,2.36,3.83,1.25,27.1,12.1,2.2,31.1
58823,542914,Anthony Bass,25,SD,0.1,110,4.59,0.86,111,24,0,24,42,0,0,0,5.36,5.57,4.24,1.69,16.1,10.4,1.6,25
68471,572143,Burch Smith,23,SD,0.1,82,3.44,0.84,97,10,7,3,36.3,1,3,0,6.44,6.44,5.47,1.65,27.5,12.6,2.2,31.6
45951,488846,Brian Duensing,30,MIN,0.1,85,3.54,0.61,90,73,0,73,61,6,2,1,3.98,4.13,3.24,1.48,20.9,8.2,2.5,23.7
55707,501955,Joba Chamberlain,27,NYY,0.1,112,4.68,0.94,113,45,0,45,42,2,1,1,4.93,4.93,5.64,1.74,19.2,13.1,1.5,23.4
31683,407819,Matt Thornton,36,BOS,0.1,97,4.07,0.62,99,60,0,60,43.3,0,4,0,3.74,4.15,4.04,1.43,16,8,2,18.7
58089,542960,Brad Brach,27,SD,0,98,4.08,0.85,104,33,0,33,31,1,0,0,3.19,4.35,4.14,1.77,22,13.5,1.6,23
31948,458006,Matt Albers,30,CLE,0,117,4.91,0.71,104,56,0,56,63,3,1,0,3.14,3.57,3.49,1.27,13.4,8.8,1.5,18
33,400061,Roy Oswalt,35,COL,0,79,3.3,0.64,84,9,6,3,32.3,0,6,0,8.63,8.63,3.08,1.79,22.5,6,3.8,21.1
241,150035,Kyle Farnsworth,37,PIT,0,106,4.42,0.65,105,48,0,48,38.3,3,1,2,4.7,4.7,4.14,1.38,17.3,6.2,2.8,21.3
49760,474599,Neil Wagner,29,TOR,0,100,4.16,0.73,100,36,0,36,38,2,4,0,3.79,4.03,4.13,1.37,20.5,8.1,2.5,25
31549,283166,Michael Gonzalez,35,MIL,0,85,3.54,0.73,94,75,0,75,50,0,3,0,4.68,5.04,4.87,1.66,25.5,10.6,2.4,28.6
47699,434641,Juan Gutierrez,29,LAA,0,106,4.43,0.68,109,53,0,53,55.3,1,5,0,4.23,4.72,3.73,1.37,19.1,8.5,2.3,21.7
60031,543734,Chris Rusin,26,CHC,0,114,4.78,0.72,110,13,13,0,66.3,2,6,0,3.93,4.07,4.75,1.36,12.8,8.5,1.5,18.5
33197,455009,Jonathan Broxton,29,CIN,0,101,4.22,0.74,106,34,0,34,30.7,2,2,0,4.11,4.99,4.68,1.27,18.8,9,2.1,27.8
57046,517451,Joe Ortiz,22,TEX,0,109,4.56,0.79,110,32,0,32,44.7,2,2,0,4.23,5.24,3.97,1.25,14.4,5.3,2.7,23.5
57123,502260,Vinnie Pestano,28,CLE,0,108,4.53,1.01,113,37,0,37,35.3,1,2,6,4.08,4.58,5.03,1.64,23.3,13.2,1.8,26.9
31551,407825,Matt Guerrier,34,CHC,0,101,4.23,0.66,107,49,0,49,42.7,4,4,0,4.01,4.64,3.82,1.41,16.6,9.4,1.8,24.5
58503,519085,Brett Oberholtzer,23,HOU,0,103,4.32,0.67,107,13,10,3,71.7,4,5,0,2.76,3.27,3.65,1.1,15.4,4.4,3.5,18.5
46132,458950,Philip Humber,30,HOU,0,139,5.79,1.05,119,17,7,10,54.7,0,8,0,7.9,7.9,5.02,1.74,13.9,7.7,1.8,21.4
48736,459987,César Ramos,29,TB,0,101,4.23,0.64,106,48,0,48,67.3,2,2,1,4.14,4.14,3.7,1.31,18.4,7.6,2.4,21.2
57836,543155,Stephen Fife,26,LAD,0,95,3.97,0.61,98,12,10,2,58.3,4,4,0,3.86,4.47,4.35,1.53,17.4,7.8,2.3,17.4
49178,449079,Wesley Wright,28,TB,0,82,3.44,0.52,84,70,0,70,53.7,0,4,0,3.69,4.02,3.92,1.36,23.7,8.2,2.9,19.4
61058,543070,Aaron Crow,26,KC,0,96,4.02,0.73,97,57,0,57,48,7,5,1,3.38,3.56,4.34,1.48,21,10.5,2,24
1600,120485,Andy Pettitte,41,NYY,0,117,4.87,0.63,104,30,30,0,185.3,11,11,0,3.74,4.13,3.7,1.33,16.3,6.1,2.7,19.5
60759,476589,Adam Warren,25,NYY,-0.1,104,4.34,0.63,105,34,2,32,77,3,2,1,3.39,3.39,4.32,1.43,19.3,9.1,2.1,26.2
47229,471911,Carlos Carrasco,26,CLE,-0.1,127,5.31,0.92,111,15,7,8,46.7,1,4,0,6.75,6.94,4.1,1.76,13.8,8.3,1.7,19.5
47099,476601,Michael Bowden,26,CHC,-0.1,110,4.6,0.74,122,34,0,34,37.7,1,3,0,4.3,4.3,4.3,1.25,14.6,9.5,1.5,23.9
51950,453249,Jeff Manship,28,COL,-0.1,109,4.54,0.74,111,11,4,7,30.7,0,5,0,7.04,7.34,5.59,1.6,12.9,8.6,1.5,19.7
39203,493137,Daisuke Matsuzaka,32,NYM,-0.1,102,4.25,0.73,111,7,7,0,38.7,3,3,0,4.42,4.89,4.32,1.24,19.9,9.6,2.1,17.5
52617,452027,Andrew Albers,27,MIN,-0.1,120,5.01,0.78,111,10,10,0,60,2,5,0,4.05,5.1,3.96,1.18,10,2.8,3.6,15
57286,474463,Brett Anderson,25,OAK,-0.1,97,4.04,0.83,86,16,5,11,44.7,1,4,3,6.04,6.45,3.85,1.61,23,10.5,2.2,22.3
57529,519240,Marc Rzepczynski,27,CLE,-0.1,87,3.63,0.58,87,38,0,38,30.7,0,0,0,3.23,3.82,3.37,1.21,22.5,7.8,2.9,31.5
50087,502004,George Kontos,28,SF,-0.1,98,4.1,0.63,106,52,0,52,55.3,2,2,0,4.39,4.88,4.08,1.41,19.7,7.6,2.6,25.2
38974,461791,Carlos Marmol,30,LAD,-0.1,90,3.76,0.66,102,52,0,52,49,2,4,2,4.41,4.78,5.19,1.63,26.2,17.8,1.5,29.7
16597,425646,Luis Ayala,35,ATL,-0.1,107,4.45,0.76,101,39,0,39,33,2,1,0,3.27,3.27,3.68,1.55,15.4,9.1,1.7,18.6
58933,543506,Brandon Maurer,22,SEA,-0.1,113,4.73,0.77,107,22,14,8,90,5,8,0,6.3,6.6,4.9,1.57,17.4,6.7,2.6,23.7
52080,462102,Tommy Hanson,26,LAA,-0.1,138,5.78,1.01,129,15,13,2,73,4,3,0,5.42,5.79,4.65,1.55,17.1,9.2,1.9,18.8
36308,276514,Kevin Gregg,35,CHC,-0.1,107,4.48,0.71,114,62,0,62,62,2,6,33,3.48,3.77,4.1,1.37,20.8,11.9,1.8,20.5
41653,446488,Scott Rice,31,NYM,-0.1,91,3.82,0.64,89,73,0,73,51,4,5,0,3.71,3.88,3.4,1.35,19.2,12.7,1.5,32.2
52251,444468,Hector Rondón,25,CHC,-0.2,97,4.05,0.71,102,45,0,45,54.7,2,1,0,4.77,4.77,4.4,1.41,18.2,10.3,1.8,23.9
57222,518764,Donovan Hand,27,MIL,-0.2,116,4.83,0.7,117,31,7,24,68.3,1,5,0,3.69,3.82,5.01,1.35,12.9,7.3,1.8,15.6
51993,457768,Bryan Morris,26,PIT,-0.2,123,5.15,0.7,115,55,0,55,65,5,7,0,3.46,3.46,4.89,1.31,13.7,10.4,1.3,26.2
47360,451584,Wade Davis,27,KC,-0.2,126,5.28,0.8,111,31,24,7,135.3,8,11,0,5.32,5.92,4.18,1.68,18.4,9.4,2,19.4
57086,502748,Brad Peacock,25,HOU,-0.2,111,4.64,0.75,112,18,14,4,83.3,5,6,0,5.18,5.51,4.98,1.38,21.1,10.1,2.1,19.6
45369,430911,David Aardsma,31,NYM,-0.2,100,4.17,0.83,110,43,0,43,39.7,2,2,0,4.31,4.54,5.27,1.46,20.2,10.7,1.9,26.5
45832,457435,Phil Coke,30,DET,-0.2,109,4.54,1,107,49,0,49,38.3,0,5,1,5.4,5.63,4.14,1.67,16.9,11.9,1.4,26.1
57741,518444,Blake Beavan,24,SEA,-0.2,118,4.95,0.82,119,12,2,10,39.7,0,2,0,6.13,6.13,4.99,1.36,15.5,4.6,3.4,19
68410,519344,Nick Tepesch,24,TEX,-0.2,110,4.61,0.68,106,19,17,2,93,4,6,0,4.84,5.13,4.19,1.37,18.7,6.6,2.8,20.1
33326,454537,Jared Burton,32,MIN,-0.2,88,3.67,0.63,93,71,0,71,66,2,9,2,3.82,3.95,3.61,1.26,21.7,7.8,2.8,28.1
56160,489150,Clayton Mortensen,28,BOS,-0.2,119,4.98,1.12,116,24,0,24,30.3,1,2,0,5.34,5.64,4.83,1.58,14.9,11.3,1.3,19.8
61061,489294,Tanner Scheppers,26,TEX,-0.2,94,3.94,0.55,101,76,0,76,76.7,6,2,1,1.88,2.47,3.74,1.07,19.5,7.9,2.5,21.3
51129,501925,Joe Smith,29,CLE,-0.2,100,4.18,0.66,100,70,0,70,63,6,2,3,2.29,2.43,3.6,1.22,20.8,8.9,2.3,21.6
57701,446321,Ross Detwiler,27,WSH,-0.3,122,5.11,0.78,108,13,13,0,71.3,2,7,0,4.04,4.67,3.66,1.49,12.3,4.4,2.8,16.3
49910,468396,Alexi Ogando,29,TEX,-0.3,118,4.93,0.68,120,23,18,5,104.3,7,4,0,3.11,3.28,4.36,1.23,16.8,9.6,1.8,20.1
54912,460701,James Russell,27,CHC,-0.3,96,4,0.72,110,74,0,74,52.7,1,6,0,3.59,3.59,4.45,1.22,17.3,8.4,2.1,22
46466,446861,Guillermo Moscoso,29,SF,-0.3,110,4.59,1.14,123,13,2,11,30,2,2,0,5.1,5.1,5.55,1.37,24.2,16.4,1.5,27.6
46338,458919,Ryan Mattheus,29,WSH,-0.3,122,5.09,0.99,106,37,0,37,35.3,0,2,0,6.37,6.62,3.44,1.9,13.3,9,1.5,16.8
49727,472610,Luis García,26,PHI,-0.3,106,4.42,0.88,105,24,0,24,31.3,1,1,0,3.73,4.31,5.12,1.6,16.7,16.7,1,28
51927,453172,Jared Hughes,27,PIT,-0.3,118,4.91,1.03,109,29,0,29,32,2,3,0,4.78,4.78,4.11,1.66,15.5,10.8,1.4,24.3
45581,430580,Alfredo Simon,32,CIN,-0.3,96,4,0.56,105,63,0,63,87.7,6,4,1,2.87,3.18,3.96,1.07,17.5,7.2,2.4,22.4
31585,433585,Jeff Francis,32,COL,-0.3,100,4.16,0.72,98,23,12,11,70.3,3,5,0,6.27,6.91,4.54,1.61,19.4,7.4,2.6,21.4
37595,462382,Jim Johnson,30,BAL,-0.3,101,4.23,0.66,93,74,0,74,70.3,3,8,50,2.94,3.33,3.45,1.28,19.2,6.2,3.1,20.5
51959,453281,Wade LeBlanc,28,HOU,-0.3,116,4.83,0.84,115,17,7,10,55,1,5,0,5.4,6.55,4.76,1.67,12.7,7.7,1.6,20.4
60922,573204,Caleb Thielbar,26,MIN,-0.3,86,3.6,0.61,100,49,0,49,46,3,2,0,1.76,2.15,3.4,0.83,22.8,8.2,2.8,24.7
59166,451661,Josh Fields,27,HOU,-0.3,88,3.69,0.7,99,41,0,41,38,1,3,5,4.97,4.97,5.1,1.29,25,11.3,2.2,25.4
49804,466459,Sandy Rosario,27,SF,-0.4,118,4.91,0.81,117,43,0,43,41.7,3,2,0,3.02,3.24,3.65,1.39,13.3,11.1,1.2,18.5
55795,518603,Justin De Fratus,25,PHI,-0.4,103,4.29,0.91,103,58,0,58,46.7,3,3,0,3.86,4.05,4.01,1.5,20.2,12,1.7,26.3
58404,476595,Lucas Luetge,26,SEA,-0.4,117,4.89,0.82,106,35,0,35,37,1,3,0,4.86,5.35,3.75,1.57,16.4,9.7,1.7,23
16637,425532,Jerome Williams,31,LAA,-0.4,124,5.16,0.59,117,37,25,12,169.3,9,10,0,4.57,4.94,4.6,1.39,14.7,7.6,1.9,21
50878,501625,José Álvarez,24,DET,-0.4,107,4.46,0.79,106,14,6,8,38.7,1,5,0,5.82,6.05,5.19,1.5,18,9.3,1.9,25.3
989,136880,Roy Halladay,36,PHI,-0.4,129,5.38,0.91,127,13,13,0,62,4,5,0,6.82,6.97,6.14,1.47,18.1,12.8,1.4,23.4
33059,444520,Craig Breslow,32,BOS,-0.4,107,4.46,0.64,110,61,0,61,59.7,5,2,0,1.81,2.41,3.6,1.12,13.9,7.6,1.8,17.9
45515,433579,John Danks,28,CWS,-0.4,120,5,0.69,116,22,22,0,138.3,4,14,0,4.75,5.27,5.06,1.29,15.3,4.6,3.3,20
58386,458676,Josh Lindblom,26,TEX,-0.4,129,5.38,0.94,124,8,5,3,31.3,1,3,0,5.46,5.46,4.42,1.47,15.3,8,1.9,20.6
50866,501593,Luis Avilán,23,ATL,-0.4,106,4.42,0.62,105,75,0,75,65,5,0,0,1.52,1.66,3.28,0.95,14.8,8.6,1.7,20.6
55973,446641,Wilton Lopez,29,COL,-0.4,97,4.06,0.64,96,75,0,75,75.3,3,4,0,4.06,4.18,3.57,1.41,15,5.6,2.7,19.3
49901,467850,Edgmer Escalona,26,COL,-0.4,102,4.25,0.82,110,37,0,37,46,1,4,0,5.67,6.26,4.87,1.43,16.6,6.8,2.4,17.8
59012,541640,Erasmo Ramírez,23,SEA,-0.5,115,4.78,0.76,111,14,13,1,72.3,5,3,0,4.98,5.47,4.83,1.45,17.8,8.1,2.2,21.7
66008,545363,Jacob Turner,22,MIA,-0.5,118,4.92,0.65,115,20,20,0,118,3,8,0,3.74,4.19,4.43,1.44,15,10.5,1.4,19.6
56333,518715,Cory Gearrin,27,ATL,-0.5,106,4.43,0.93,107,37,0,37,31,2,1,1,3.77,3.77,4.34,1.48,17.3,12,1.4,25.5
50098,502032,Bud Norris,28,BAL,-0.5,111,4.63,0.57,109,32,30,2,176.7,10,12,0,4.18,4.53,3.86,1.49,19,8.7,2.2,22.2
52005,459932,Hector Ambriz,29,HOU,-0.5,115,4.81,1.01,110,43,0,43,36.3,2,4,2,5.7,6.94,5.66,1.76,15.8,8.2,1.9,20.9
762,136600,Bruce Chen,36,KC,-0.5,108,4.51,0.65,120,34,15,19,121,9,4,0,3.27,3.42,4.12,1.18,15.7,7.2,2.2,17.5
59872,542585,José Cisnero,24,HOU,-0.5,99,4.12,0.81,104,28,0,28,43.7,2,2,0,4.12,4.74,4.24,1.63,20.7,11.1,1.9,27.2
58155,543031,Tyler Cloyd,26,PHI,-0.5,127,5.29,0.95,116,13,11,2,60.3,2,7,0,6.56,6.71,4.49,1.79,14.5,8.9,1.6,15.7
46084,457918,J.A. Happ,30,TOR,-0.5,121,5.05,0.85,116,18,18,0,92.7,5,7,0,4.56,5.15,4.31,1.47,18.6,10.8,1.7,19.7
46630,448609,Tony Sipp,29,ARI,-0.5,101,4.22,1.02,112,56,0,56,37.7,3,2,0,4.78,5.26,4.88,1.51,24,12.6,1.9,27.1
31714,407822,Jorge De La Rosa,32,COL,-0.5,110,4.61,0.54,107,30,30,0,167.7,16,6,0,3.49,3.76,3.76,1.38,15.7,8.7,1.8,21.8
58436,519008,T.J. McFarland,24,BAL,-0.5,101,4.23,0.67,94,38,1,37,74.7,4,1,0,4.22,4.46,3.84,1.49,17.5,8.5,2.1,21.9
51929,453184,Brad Lincoln,28,TOR,-0.5,122,5.1,1.08,123,22,0,22,31.7,1,2,0,3.98,4.83,5.48,1.58,16.9,14.9,1.1,20.8
53026,612672,Wei-Yin Chen,27,BAL,-0.6,121,5.07,0.73,114,23,23,0,137,7,7,0,4.07,4.07,4.04,1.32,18.2,6.8,2.7,19.3
46928,469686,Alfredo Aceves,30,BOS,-0.6,144,6.03,1.28,128,11,6,5,37,4,1,0,4.86,5.11,6.35,1.73,14.2,13,1.1,17.8
1354,346793,Jeremy Affeldt,34,SF,-0.6,110,4.6,0.84,108,39,0,39,33.7,1,5,0,3.74,3.74,4.44,1.31,14.4,11.6,1.2,17.7
746,285064,Ryan Vogelsong,35,SF,-0.6,127,5.3,0.8,123,19,19,0,103.7,4,6,0,5.73,6.34,4.91,1.56,14.3,8.1,1.8,15.3
58241,543022,Tyler Chatwood,23,COL,-0.6,112,4.68,0.53,103,20,20,0,111.3,8,5,0,3.15,3.56,3.66,1.43,13.9,8.6,1.6,17.1
58787,543903,Allen Webster,23,BOS,-0.6,135,5.65,1.2,124,8,7,1,30.3,1,2,0,8.6,8.9,6.51,1.81,15.9,12.4,1.3,28.2
60879,543746,Rob Scahill,26,COL,-0.6,94,3.94,0.73,100,23,0,23,33.3,1,0,0,5.13,5.13,4.97,1.47,13.4,6,2.2,17.6
66215,554432,Chad Jenkins,25,TOR,-0.6,118,4.95,0.79,115,10,3,7,33.3,1,0,0,2.7,3.51,3.95,1.11,11.4,4.5,2.5,16.1
48674,453385,Clayton Richard,29,SD,-0.6,132,5.53,1.09,120,12,11,1,52.7,2,5,0,7.01,7.52,6.54,1.63,10,8.8,1.1,13.8
969,217096,Barry Zito,35,SF,-0.6,145,6.06,0.91,129,30,25,5,133.3,5,11,0,5.74,6.35,4.92,1.7,14.1,8.9,1.6,17.4
46313,458709,John Lannan,28,PHI,-0.6,126,5.27,0.77,111,14,14,0,74.3,3,6,0,5.33,5.81,4.37,1.52,11.4,8.1,1.4,17.9
45902,465679,Samuel Deduno,29,MIN,-0.6,116,4.84,0.64,103,18,18,0,108,8,8,0,3.83,4,4.04,1.35,14.5,8.9,1.6,19.6
44900,448693,Ross Wolf,30,TEX,-0.6,132,5.49,0.84,120,22,3,19,47.7,1,3,0,4.15,4.53,4.54,1.53,10.1,7.2,1.4,13.7
766,133225,Ryan Dempster,36,BOS,-0.7,117,4.89,0.6,115,32,29,3,171.3,8,9,0,4.57,5.1,4.68,1.45,20.8,10.5,2,24.1
50184,502208,P.J. Walters,28,MIN,-0.7,140,5.85,1.28,125,8,8,0,39.3,2,5,0,5.95,6.86,5.03,1.75,12,9.8,1.2,16
32842,430599,Joe Blanton,32,LAA,-0.7,127,5.31,0.8,111,28,20,8,132.7,2,14,0,6.04,6.51,5.12,1.61,17.7,5.6,3.2,22
48957,470462,Ramon Troncoso,30,CWS,-0.7,121,5.04,0.94,115,29,0,29,30,1,4,0,4.5,6.6,5.28,1.53,13.1,11.7,1.1,20.8
60014,543495,Ethan Martin,24,PHI,-0.7,98,4.08,0.89,108,15,8,7,40,2,5,0,6.08,6.08,5.65,1.7,24.7,13.7,1.8,26.1
38373,434181,Brandon League,30,LAD,-0.7,121,5.05,0.85,104,58,0,58,54.3,6,4,14,5.3,6.13,4.93,1.55,11.2,6,1.9,20.2
58357,543409,Michael Kohn,27,LAA,-0.7,106,4.43,0.85,120,63,0,63,53,1,4,0,3.74,3.74,4.56,1.32,22.5,12.1,1.9,25.4
56638,516589,André Rienzo,24,CWS,-0.7,129,5.38,0.84,120,10,10,0,56,2,3,0,4.82,5.46,5.85,1.48,15.2,11.2,1.4,19.6
65855,518452,Chad Bettis,24,COL,-0.7,112,4.67,0.85,109,16,8,8,44.7,1,3,0,5.64,6.85,4.93,1.68,14.4,9.6,1.5,19.3
31670,429715,Travis Blackley,30,TEX,-0.7,111,4.65,0.66,112,46,3,43,50.3,2,2,0,4.83,4.83,5.93,1.35,19,10.4,1.8,26.3
50207,502253,Alex Sanabia,24,MIA,-0.7,154,6.44,1.24,138,10,10,0,55.3,3,7,0,4.88,5.37,5.85,1.7,12.4,10,1.2,21.9
47476,456068,Miguel González,29,BAL,-0.7,107,4.47,0.53,113,30,28,2,171.3,11,8,0,3.78,4.25,4.45,1.23,16.9,7.4,2.3,19.5
32630,430613,Ronald Belisario,30,LAD,-0.8,105,4.37,0.71,97,77,0,77,68,5,7,1,3.97,4.5,3.64,1.47,16.3,9.3,1.8,22.4
65801,502043,Kyle Gibson,25,MIN,-0.8,139,5.82,1.03,118,10,10,0,51,2,4,0,6.53,6.71,5.17,1.75,12.2,8.4,1.4,20.4
68390,518748,Justin Grimm,24,CHC,-0.9,124,5.17,0.84,113,27,17,10,98,7,9,0,5.97,6.43,4.59,1.57,17.2,7.7,2.2,19
52691,453562,Jake Arrieta,27,CHC,-0.9,103,4.32,0.6,113,14,14,0,75.3,5,4,0,4.78,4.9,4.84,1.33,18.5,12.7,1.5,17.2
34159,429781,Kevin Correia,32,MIN,-0.9,126,5.26,0.66,115,31,31,0,185.3,9,13,0,4.18,4.32,4.4,1.42,12.8,5.7,2.2,14.5
48532,445170,Todd Redmond,28,TOR,-1,100,4.19,0.7,107,17,14,3,77,4,3,0,4.32,4.44,4.4,1.21,23.5,7.1,3.3,24.7
50118,502083,Zach McAllister,25,CLE,-1,129,5.38,0.76,122,24,24,0,134.3,9,9,0,3.75,4.35,4.03,1.36,17.4,8.5,2.1,17.9
34143,466918,Manny Corpas,30,COL,-1,99,4.14,0.74,104,31,0,31,41.7,1,2,0,4.54,4.54,4.39,1.34,16.9,9,1.9,22.6
1532,279782,Jon Garland,33,COL,-1,132,5.52,0.86,122,12,12,0,68,4,6,0,5.82,5.96,4.93,1.59,10.6,7.6,1.4,14.7
932,421685,Aaron Harang,35,NYM,-1,112,4.68,0.57,114,26,26,0,143.3,5,12,0,5.4,5.71,4.79,1.35,18.1,6.4,2.8,17.9
48165,434669,Luis Mendoza,29,KC,-1,145,6.04,0.89,124,22,15,7,94,2,6,0,5.36,5.74,4.75,1.59,12.9,10.3,1.3,17.2
50155,502154,Zack Britton,25,BAL,-1.1,144,6.02,1.01,117,8,7,1,40,2,3,0,4.95,5.18,4.8,1.73,9.9,9.3,1.1,16.9
96,150302,Jason Marquis,34,SD,-1.1,131,5.48,0.73,128,20,20,0,117.7,9,5,0,4.05,4.67,5.65,1.52,13.9,13.1,1.1,19.8
50158,502158,Josh Roenicke,30,MIN,-1.1,118,4.91,0.89,119,63,0,63,62,3,1,1,4.35,4.5,4.64,1.6,16,12.8,1.3,18.7
52232,453344,Brandon Morrow,28,TOR,-1.2,132,5.51,1.06,126,10,10,0,54.3,2,3,0,5.63,6.46,5.42,1.49,17.4,7.4,2.3,20.5
56426,521230,Liam Hendriks,24,MIN,-1.2,123,5.15,1.17,115,10,8,2,47.3,1,3,0,6.85,7.42,5.44,1.71,15.2,6.3,2.4,20.4
60448,572971,Dallas Keuchel,25,HOU,-1.2,111,4.62,0.64,93,31,22,9,153.7,6,10,0,5.15,5.62,4.25,1.54,18,7.6,2.4,22.7
47865,461833,Phil Hughes,27,NYY,-1.3,122,5.08,0.71,117,30,29,1,145.7,4,14,0,5.19,5.62,4.5,1.46,18.8,6.5,2.9,19.9
57958,518782,Johnny Hellweg,24,MIL,-1.3,176,7.35,1.39,138,8,7,1,30.7,1,4,0,6.75,8.8,7.06,2.15,5.6,16,0.3,9.4
31740,425827,Jeremy Bonderman,30,DET,-1.4,136,5.69,0.86,127,18,7,11,55,2,4,0,5.4,5.89,5.12,1.55,13,11,1.2,18.2
45312,425386,Jeremy Guthrie,34,KC,-1.4,136,5.69,0.67,125,33,33,0,211.7,15,12,0,4.04,4.21,4.79,1.39,12.3,6.5,1.9,13.3
57590,517060,Pedro Hernandez,24,MIN,-1.5,153,6.4,1.14,129,14,12,2,56.7,3,3,0,6.83,6.83,5.54,1.82,11,8.7,1.3,14.2
49616,460059,Mike Pelfrey,29,MIN,-1.5,119,4.99,0.66,109,29,29,0,152.7,5,13,0,5.19,5.42,3.99,1.55,14.9,7.8,1.9,13.7
58195,474699,Vance Worley,25,MIN,-1.5,160,6.67,1.19,128,10,10,0,48.7,1,5,0,7.21,7.95,5.53,1.99,10.7,6.4,1.7,11.5
56742,502327,Héctor Santiago,25,CWS,-1.5,105,4.37,0.63,108,34,23,11,149,4,9,0,3.56,4.17,4.44,1.4,20.9,11,1.9,23
49957,469134,Esmil Rogers,27,TOR,-1.5,122,5.1,0.66,114,44,20,24,137.7,5,9,0,4.77,4.97,4.73,1.42,16.1,7.4,2.2,18.6
1195,407853,Erik Bedard,34,HOU,-1.7,110,4.61,0.68,110,32,26,6,151,4,12,1,4.59,4.95,4.38,1.48,20.8,11.3,1.8,21.5
1130,150414,Jake Westbrook,35,STL,-1.7,155,6.46,0.85,130,21,19,2,116.7,7,8,0,4.63,5.32,4.62,1.56,8.4,9.6,0.9,14.3
58152,518560,Paul Clemens,25,HOU,-1.7,125,5.2,0.82,123,35,5,30,73.3,4,7,0,5.4,5.89,5.69,1.47,15.2,8,1.9,17.4
57000,504379,Juan Nicasio,26,COL,-1.9,105,4.38,0.59,107,31,31,0,157.7,9,9,0,5.14,5.54,4.25,1.47,16.9,9.1,1.9,18.2
36564,434628,Jason Hammel,30,BAL,-2.2,129,5.4,0.74,121,26,23,3,139.3,7,8,1,4.97,5.23,4.93,1.46,15.7,7.9,2,18.4
57790,539438,Scott Diamond,26,MIN,-2.3,148,6.19,0.81,125,24,24,0,131,6,13,0,5.43,6.05,5.19,1.52,9,6.3,1.4,13.9
58407,543475,Jordan Lyles,22,HOU,-2.6,120,5.03,0.71,109,27,25,2,141.7,7,9,1,5.59,6.23,4.57,1.51,14.5,7.6,1.9,17.3
55929,518420,Dylan Axelrod,27,CWS,-2.8,157,6.55,1.02,132,30,20,10,128.3,4,11,0,5.68,6.24,5.44,1.66,12.5,7.3,1.7,18.5
42438,434578,Joe Saunders,32,SEA,-3,151,6.32,0.92,114,32,32,0,183,11,16,0,5.26,5.75,4.72,1.6,13,7.4,1.8,15.9
47836,449173,Lucas Harrell,28,HOU,-4.5,158,6.58,0.9,131,36,22,14,153.7,6,17,0,5.86,6.5,5.42,1.7,12.6,12.4,1,14.5
